device,devId,productKey,message,sensorType,group,userAction,activityUserAction,timeStamp,space
QUARTO_SENSOR_PRESENCA-002,dispcb84ddaedb893afc1d478e18a6a44419,0s9d8f9s0d8f0s9df8s0f8,"{'status': [{'code': 'presence_state', 'value': 'ON'}, {'code': 'human_motion_state', 'value': 'LARGER_MOVE'}]}",sensor,['Mayki'],Mayki,FAZER_NADA_NOITE,2024-11-27 00:00:00.091421,QUARTO
QUARTO_LAMPADA-001,dispf34127e9d687887832c76c7fed087a61,435a6fsdfsdfs879s9fs7,"{'status': [{'code': 'switch_led', 'value': 'ON'}, {'code': 'bright_value_v2', 'value': 1000}, {'code': 'temp_value_v2', 'value': 500}]}",atuador,['Mayki'],Mayki,FAZER_NADA_NOITE,2024-11-27 00:00:05.806309,QUARTO
QUARTO_LAMPADA-001,dispf34127e9d687887832c76c7fed087a61,435a6fsdfsdfs879s9fs7,"{'status': [{'code': 'switch_led', 'value': 'OFF'}, {'code': 'bright_value_v2', 'value': 1000}, {'code': 'temp_value_v2', 'value': 500}]}",atuador,['Mayki'],Mayki,FAZER_NADA_NOITE,2024-11-27 00:10:28.397540,QUARTO
QUARTO_PLUG_02-004,disp4af167c9d4df8acd2894e2f77c7aec28,3s2d1f0sdf1sdf18s79sddf,"{'status': [{'code': 'switch_1', 'value': 'ON'}]}",atuador,['Mayki'],Mayki,DORMIR_QUA,2024-11-27 00:10:33.348334,QUARTO
QUARTO_PLUG_02-004,disp4af167c9d4df8acd2894e2f77c7aec28,3s2d1f0sdf1sdf18s79sddf,"{'status': [{'code': 'switch_1', 'value': 'OFF'}]}",atuador,['Mayki'],Mayki,DORMIR_30M_QUA,2024-11-27 09:14:11.518813,QUARTO
QUARTO_SENSOR_PRESENCA-002,dispcb84ddaedb893afc1d478e18a6a44419,0s9d8f9s0d8f0s9df8s0f8,"{'status': [{'code': 'presence_state', 'value': 'OFF'}, {'code': 'human_motion_state', 'value': 'NONE'}]}",sensor,['Mayki'],Mayki,DORMIR_30M_QUA,2024-11-27 09:14:11.801308,QUARTO
QUARTO_SENSOR_PRESENCA-002,dispcb84ddaedb893afc1d478e18a6a44419,0s9d8f9s0d8f0s9df8s0f8,"{'status': [{'code': 'presence_state', 'value': 'ON'}, {'code': 'human_motion_state', 'value': 'LARGER_MOVE'}]}",sensor,['Mayki'],Mayki,FAZER_NADA_DIA,2024-11-27 09:22:11.507313,QUARTO
QUARTO_SENSOR_PRESENCA-002,dispcb84ddaedb893afc1d478e18a6a44419,0s9d8f9s0d8f0s9df8s0f8,"{'status': [{'code': 'presence_state', 'value': 'OFF'}, {'code': 'human_motion_state', 'value': 'NONE'}]}",sensor,['Mayki'],Mayki,FAZER_NADA_DIA,2024-11-27 10:36:23.647584,QUARTO
QUARTO_SENSOR_PRESENCA-002,dispcb84ddaedb893afc1d478e18a6a44419,0s9d8f9s0d8f0s9df8s0f8,"{'status': [{'code': 'presence_state', 'value': 'ON'}, {'code': 'human_motion_state', 'value': 'LARGER_MOVE'}]}",sensor,['Mayki'],Mayki,FAZER_NADA_NOITE,2024-11-27 19:20:52.983839,QUARTO
QUARTO_LAMPADA-001,dispf34127e9d687887832c76c7fed087a61,435a6fsdfsdfs879s9fs7,"{'status': [{'code': 'switch_led', 'value': 'ON'}, {'code': 'bright_value_v2', 'value': 1000}, {'code': 'temp_value_v2', 'value': 500}]}",atuador,['Mayki'],Mayki,FAZER_NADA_NOITE,2024-11-27 19:20:57.524861,QUARTO
QUARTO_PLUG_01-003,dispe3d457f8ccadfa505c7579f0d2a7f630,3s2d1f0sdf1sdf18s79sddf,"{'status': [{'code': 'switch_1', 'value': 'ON'}]}",atuador,['Mayki'],Mayki,USAR_PC_NOITE,2024-11-27 19:32:13.209190,QUARTO
QUARTO_LAMPADA-001,dispf34127e9d687887832c76c7fed087a61,435a6fsdfsdfs879s9fs7,"{'status': [{'code': 'switch_led', 'value': 'OFF'}, {'code': 'bright_value_v2', 'value': 1000}, {'code': 'temp_value_v2', 'value': 500}]}",atuador,['Mayki'],Mayki,USAR_PC_NOITE_FIM_QUA,2024-11-28 00:00:35.729580,QUARTO
QUARTO_PLUG_01-003,dispe3d457f8ccadfa505c7579f0d2a7f630,3s2d1f0sdf1sdf18s79sddf,"{'status': [{'code': 'switch_1', 'value': 'OFF'}]}",atuador,['Mayki'],Mayki,USAR_PC_NOITE_FIM_QUA,2024-11-28 00:01:06.724848,QUARTO
QUARTO_PLUG_02-004,disp4af167c9d4df8acd2894e2f77c7aec28,3s2d1f0sdf1sdf18s79sddf,"{'status': [{'code': 'switch_1', 'value': 'ON'}]}",atuador,['Mayki'],Mayki,DORMIR,2024-11-28 00:01:11.903502,QUARTO
QUARTO_PLUG_02-004,disp4af167c9d4df8acd2894e2f77c7aec28,3s2d1f0sdf1sdf18s79sddf,"{'status': [{'code': 'switch_1', 'value': 'OFF'}]}",atuador,['Mayki'],Mayki,DORMIR_30M_QUI,2024-11-28 08:09:47.991342,QUARTO
QUARTO_SENSOR_PRESENCA-002,dispcb84ddaedb893afc1d478e18a6a44419,0s9d8f9s0d8f0s9df8s0f8,"{'status': [{'code': 'presence_state', 'value': 'OFF'}, {'code': 'human_motion_state', 'value': 'NONE'}]}",sensor,['Mayki'],Mayki,DORMIR_30M_QUI,2024-11-28 08:09:47.302734,QUARTO
QUARTO_SENSOR_PRESENCA-002,dispcb84ddaedb893afc1d478e18a6a44419,0s9d8f9s0d8f0s9df8s0f8,"{'status': [{'code': 'presence_state', 'value': 'ON'}, {'code': 'human_motion_state', 'value': 'LARGER_MOVE'}]}",sensor,['Mayki'],Mayki,USAR_PC_MANHA_30M,2024-11-28 08:17:47.014614,QUARTO
QUARTO_PLUG_01-003,dispe3d457f8ccadfa505c7579f0d2a7f630,3s2d1f0sdf1sdf18s79sddf,"{'status': [{'code': 'switch_1', 'value': 'ON'}]}",atuador,['Mayki'],Mayki,USAR_PC_MANHA_30M,2024-11-28 08:17:52.336197,QUARTO
QUARTO_SENSOR_PRESENCA-002,dispcb84ddaedb893afc1d478e18a6a44419,0s9d8f9s0d8f0s9df8s0f8,"{'status': [{'code': 'presence_state', 'value': 'OFF'}, {'code': 'human_motion_state', 'value': 'NONE'}]}",sensor,['Mayki'],Mayki,IR_NA_VARANDA,2024-11-28 08:37:52.913925,QUARTO
QUARTO_SENSOR_PRESENCA-002,dispcb84ddaedb893afc1d478e18a6a44419,0s9d8f9s0d8f0s9df8s0f8,"{'status': [{'code': 'presence_state', 'value': 'ON'}, {'code': 'human_motion_state', 'value': 'LARGER_MOVE'}]}",sensor,['Mayki'],Mayki,USAR_PC_MANHA_30M,2024-11-28 08:47:52.265669,QUARTO
QUARTO_PLUG_01-003,dispe3d457f8ccadfa505c7579f0d2a7f630,3s2d1f0sdf1sdf18s79sddf,"{'status': [{'code': 'switch_1', 'value': 'OFF'}]}",atuador,['Mayki'],Mayki,USAR_PC_MANHA_30M,2024-11-28 08:50:41.436267,QUARTO
QUARTO_SENSOR_PRESENCA-002,dispcb84ddaedb893afc1d478e18a6a44419,0s9d8f9s0d8f0s9df8s0f8,"{'status': [{'code': 'presence_state', 'value': 'OFF'}, {'code': 'human_motion_state', 'value': 'NONE'}]}",sensor,['Mayki'],Mayki,FAZER_NADA_DIA,2024-11-28 09:01:23.013600,QUARTO
QUARTO_SENSOR_PRESENCA-002,dispcb84ddaedb893afc1d478e18a6a44419,0s9d8f9s0d8f0s9df8s0f8,"{'status': [{'code': 'presence_state', 'value': 'ON'}, {'code': 'human_motion_state', 'value': 'LARGER_MOVE'}]}",sensor,['Mayki'],Mayki,FAZER_NADA_NOITE,2024-11-28 18:05:27.132098,QUARTO
QUARTO_LAMPADA-001,dispf34127e9d687887832c76c7fed087a61,435a6fsdfsdfs879s9fs7,"{'status': [{'code': 'switch_led', 'value': 'ON'}, {'code': 'bright_value_v2', 'value': 1000}, {'code': 'temp_value_v2', 'value': 500}]}",atuador,['Mayki'],Mayki,FAZER_NADA_NOITE,2024-11-28 18:05:32.127930,QUARTO
QUARTO_PLUG_01-003,dispe3d457f8ccadfa505c7579f0d2a7f630,3s2d1f0sdf1sdf18s79sddf,"{'status': [{'code': 'switch_1', 'value': 'ON'}]}",atuador,['Mayki'],Mayki,USAR_PC_NOITE_QUI,2024-11-28 18:18:21.578604,QUARTO
QUARTO_LAMPADA-001,dispf34127e9d687887832c76c7fed087a61,435a6fsdfsdfs879s9fs7,"{'status': [{'code': 'switch_led', 'value': 'OFF'}, {'code': 'bright_value_v2', 'value': 1000}, {'code': 'temp_value_v2', 'value': 500}]}",atuador,['Mayki'],Mayki,USAR_PC_MADRUGADA_INICIO_SEX,2024-11-29 00:59:53.240021,QUARTO
QUARTO_PLUG_01-003,dispe3d457f8ccadfa505c7579f0d2a7f630,3s2d1f0sdf1sdf18s79sddf,"{'status': [{'code': 'switch_1', 'value': 'OFF'}]}",atuador,['Mayki'],Mayki,USAR_PC_MADRUGADA_INICIO_SEX,2024-11-29 01:00:05.576891,QUARTO
QUARTO_PLUG_02-004,disp4af167c9d4df8acd2894e2f77c7aec28,3s2d1f0sdf1sdf18s79sddf,"{'status': [{'code': 'switch_1', 'value': 'ON'}]}",atuador,['Mayki'],Mayki,DORMIR,2024-11-29 01:00:10.969699,QUARTO
QUARTO_PLUG_02-004,disp4af167c9d4df8acd2894e2f77c7aec28,3s2d1f0sdf1sdf18s79sddf,"{'status': [{'code': 'switch_1', 'value': 'OFF'}]}",atuador,['Mayki'],Mayki,DORMIR_30M,2024-11-29 08:34:48.283587,QUARTO
QUARTO_SENSOR_PRESENCA-002,dispcb84ddaedb893afc1d478e18a6a44419,0s9d8f9s0d8f0s9df8s0f8,"{'status': [{'code': 'presence_state', 'value': 'OFF'}, {'code': 'human_motion_state', 'value': 'NONE'}]}",sensor,['Mayki'],Mayki,DORMIR_30M,2024-11-29 08:34:48.127145,QUARTO
QUARTO_SENSOR_PRESENCA-002,dispcb84ddaedb893afc1d478e18a6a44419,0s9d8f9s0d8f0s9df8s0f8,"{'status': [{'code': 'presence_state', 'value': 'ON'}, {'code': 'human_motion_state', 'value': 'LARGER_MOVE'}]}",sensor,['Mayki'],Mayki,FAZER_NADA_DIA,2024-11-29 08:42:48.059539,QUARTO
QUARTO_SENSOR_PRESENCA-002,dispcb84ddaedb893afc1d478e18a6a44419,0s9d8f9s0d8f0s9df8s0f8,"{'status': [{'code': 'presence_state', 'value': 'OFF'}, {'code': 'human_motion_state', 'value': 'NONE'}]}",sensor,['Mayki'],Mayki,FAZER_NADA_DIA,2024-11-29 09:03:39.097272,QUARTO
QUARTO_SENSOR_PRESENCA-002,dispcb84ddaedb893afc1d478e18a6a44419,0s9d8f9s0d8f0s9df8s0f8,"{'status': [{'code': 'presence_state', 'value': 'ON'}, {'code': 'human_motion_state', 'value': 'LARGER_MOVE'}]}",sensor,['Mayki'],Mayki,FAZER_NADA_NOITE,2024-11-29 17:17:44.576590,QUARTO
QUARTO_LAMPADA-001,dispf34127e9d687887832c76c7fed087a61,435a6fsdfsdfs879s9fs7,"{'status': [{'code': 'switch_led', 'value': 'ON'}, {'code': 'bright_value_v2', 'value': 1000}, {'code': 'temp_value_v2', 'value': 500}]}",atuador,['Mayki'],Mayki,FAZER_NADA_NOITE,2024-11-29 17:17:49.233178,QUARTO
QUARTO_PLUG_01-003,dispe3d457f8ccadfa505c7579f0d2a7f630,3s2d1f0sdf1sdf18s79sddf,"{'status': [{'code': 'switch_1', 'value': 'ON'}]}",atuador,['Mayki'],Mayki,USAR_PC_NOITE_VAZIO,2024-11-29 17:29:53.606381,QUARTO
QUARTO_LAMPADA-001,dispf34127e9d687887832c76c7fed087a61,435a6fsdfsdfs879s9fs7,"{'status': [{'code': 'switch_led', 'value': 'OFF'}, {'code': 'bright_value_v2', 'value': 1000}, {'code': 'temp_value_v2', 'value': 500}]}",atuador,['Mayki'],Mayki,USAR_PC_NOITE_VAZIO,2024-11-29 19:32:08.037366,QUARTO
QUARTO_PLUG_01-003,dispe3d457f8ccadfa505c7579f0d2a7f630,3s2d1f0sdf1sdf18s79sddf,"{'status': [{'code': 'switch_1', 'value': 'OFF'}]}",atuador,['Mayki'],Mayki,USAR_PC_NOITE_VAZIO,2024-11-29 19:32:42.550844,QUARTO
QUARTO_PLUG_02-004,disp4af167c9d4df8acd2894e2f77c7aec28,3s2d1f0sdf1sdf18s79sddf,"{'status': [{'code': 'switch_1', 'value': 'ON'}]}",atuador,['Mayki'],Mayki,DORMIR_NOITE_FIM,2024-11-29 19:32:47.103401,QUARTO
QUARTO_PLUG_02-004,disp4af167c9d4df8acd2894e2f77c7aec28,3s2d1f0sdf1sdf18s79sddf,"{'status': [{'code': 'switch_1', 'value': 'OFF'}]}",atuador,['Mayki'],Mayki,DORMIR_NOITE_FIM,2024-11-30 00:00:33.633242,QUARTO
QUARTO_LAMPADA-001,dispf34127e9d687887832c76c7fed087a61,435a6fsdfsdfs879s9fs7,"{'status': [{'code': 'switch_led', 'value': 'ON'}, {'code': 'bright_value_v2', 'value': 1000}, {'code': 'temp_value_v2', 'value': 500}]}",atuador,['Mayki'],Mayki,USAR_PC_MADRUGADA_INICIO_30M,2024-11-30 00:01:05.795755,QUARTO
QUARTO_PLUG_01-003,dispe3d457f8ccadfa505c7579f0d2a7f630,3s2d1f0sdf1sdf18s79sddf,"{'status': [{'code': 'switch_1', 'value': 'ON'}]}",atuador,['Mayki'],Mayki,USAR_PC_MADRUGADA_INICIO_30M,2024-11-30 00:01:10.625806,QUARTO
QUARTO_LAMPADA-001,dispf34127e9d687887832c76c7fed087a61,435a6fsdfsdfs879s9fs7,"{'status': [{'code': 'switch_led', 'value': 'OFF'}, {'code': 'bright_value_v2', 'value': 1000}, {'code': 'temp_value_v2', 'value': 500}]}",atuador,['Mayki'],Mayki,SAIR_COMODO_5M,2024-11-30 00:01:42.476102,QUARTO
QUARTO_SENSOR_PRESENCA-002,dispcb84ddaedb893afc1d478e18a6a44419,0s9d8f9s0d8f0s9df8s0f8,"{'status': [{'code': 'presence_state', 'value': 'OFF'}, {'code': 'human_motion_state', 'value': 'NONE'}]}",sensor,['Mayki'],Mayki,SAIR_COMODO_5M,2024-11-30 00:01:42.954574,QUARTO
QUARTO_SENSOR_PRESENCA-002,dispcb84ddaedb893afc1d478e18a6a44419,0s9d8f9s0d8f0s9df8s0f8,"{'status': [{'code': 'presence_state', 'value': 'ON'}, {'code': 'human_motion_state', 'value': 'LARGER_MOVE'}]}",sensor,['Mayki'],Mayki,USAR_PC_MADRUGADA_INICIO_30M,2024-11-30 00:06:42.687075,QUARTO
QUARTO_LAMPADA-001,dispf34127e9d687887832c76c7fed087a61,435a6fsdfsdfs879s9fs7,"{'status': [{'code': 'switch_led', 'value': 'ON'}, {'code': 'bright_value_v2', 'value': 1000}, {'code': 'temp_value_v2', 'value': 500}]}",atuador,['Mayki'],Mayki,USAR_PC_MADRUGADA_INICIO_30M,2024-11-30 00:06:47.258254,QUARTO
QUARTO_LAMPADA-001,dispf34127e9d687887832c76c7fed087a61,435a6fsdfsdfs879s9fs7,"{'status': [{'code': 'switch_led', 'value': 'OFF'}, {'code': 'bright_value_v2', 'value': 1000}, {'code': 'temp_value_v2', 'value': 500}]}",atuador,['Mayki'],Mayki,USAR_PC_MADRUGADA_INICIO_30M,2024-11-30 01:06:23.298022,QUARTO
QUARTO_PLUG_01-003,dispe3d457f8ccadfa505c7579f0d2a7f630,3s2d1f0sdf1sdf18s79sddf,"{'status': [{'code': 'switch_1', 'value': 'OFF'}]}",atuador,['Mayki'],Mayki,USAR_PC_MADRUGADA_INICIO_30M,2024-11-30 01:07:14.590006,QUARTO
QUARTO_PLUG_02-004,disp4af167c9d4df8acd2894e2f77c7aec28,3s2d1f0sdf1sdf18s79sddf,"{'status': [{'code': 'switch_1', 'value': 'ON'}]}",atuador,['Mayki'],Mayki,DORMIR_FIM_SEM,2024-11-30 01:07:19.683939,QUARTO
QUARTO_PLUG_02-004,disp4af167c9d4df8acd2894e2f77c7aec28,3s2d1f0sdf1sdf18s79sddf,"{'status': [{'code': 'switch_1', 'value': 'OFF'}]}",atuador,['Mayki'],Mayki,DORMIR_FIM_SEM,2024-11-30 10:05:59.460079,QUARTO
QUARTO_SENSOR_PRESENCA-002,dispcb84ddaedb893afc1d478e18a6a44419,0s9d8f9s0d8f0s9df8s0f8,"{'status': [{'code': 'presence_state', 'value': 'OFF'}, {'code': 'human_motion_state', 'value': 'NONE'}]}",sensor,['Mayki'],Mayki,DORMIR_FIM_SEM,2024-11-30 10:05:59.235723,QUARTO
QUARTO_SENSOR_PRESENCA-002,dispcb84ddaedb893afc1d478e18a6a44419,0s9d8f9s0d8f0s9df8s0f8,"{'status': [{'code': 'presence_state', 'value': 'ON'}, {'code': 'human_motion_state', 'value': 'LARGER_MOVE'}]}",sensor,['Mayki'],Mayki,USAR_PC_MANHA,2024-11-30 10:13:59.921777,QUARTO
QUARTO_PLUG_01-003,dispe3d457f8ccadfa505c7579f0d2a7f630,3s2d1f0sdf1sdf18s79sddf,"{'status': [{'code': 'switch_1', 'value': 'ON'}]}",atuador,['Mayki'],Mayki,USAR_PC_MANHA,2024-11-30 10:14:04.495327,QUARTO
QUARTO_PLUG_01-003,dispe3d457f8ccadfa505c7579f0d2a7f630,3s2d1f0sdf1sdf18s79sddf,"{'status': [{'code': 'switch_1', 'value': 'OFF'}]}",atuador,['Mayki'],Mayki,USAR_PC_MANHA,2024-11-30 12:21:28.966480,QUARTO
QUARTO_SENSOR_PRESENCA-002,dispcb84ddaedb893afc1d478e18a6a44419,0s9d8f9s0d8f0s9df8s0f8,"{'status': [{'code': 'presence_state', 'value': 'OFF'}, {'code': 'human_motion_state', 'value': 'NONE'}]}",sensor,['Mayki'],Mayki,USAR_PC_MANHA,2024-11-30 12:21:28.589383,QUARTO
QUARTO_SENSOR_PRESENCA-002,dispcb84ddaedb893afc1d478e18a6a44419,0s9d8f9s0d8f0s9df8s0f8,"{'status': [{'code': 'presence_state', 'value': 'ON'}, {'code': 'human_motion_state', 'value': 'LARGER_MOVE'}]}",sensor,['Mayki'],Mayki,USAR_PC_MANHA,2024-11-30 13:27:10.710065,QUARTO
QUARTO_PLUG_01-003,dispe3d457f8ccadfa505c7579f0d2a7f630,3s2d1f0sdf1sdf18s79sddf,"{'status': [{'code': 'switch_1', 'value': 'ON'}]}",atuador,['Mayki'],Mayki,USAR_PC_MANHA,2024-11-30 13:27:15.877097,QUARTO
QUARTO_SENSOR_PRESENCA-002,dispcb84ddaedb893afc1d478e18a6a44419,0s9d8f9s0d8f0s9df8s0f8,"{'status': [{'code': 'presence_state', 'value': 'OFF'}, {'code': 'human_motion_state', 'value': 'NONE'}]}",sensor,['Mayki'],Mayki,BEBER_AGUA,2024-11-30 13:57:15.974271,QUARTO
QUARTO_SENSOR_PRESENCA-002,dispcb84ddaedb893afc1d478e18a6a44419,0s9d8f9s0d8f0s9df8s0f8,"{'status': [{'code': 'presence_state', 'value': 'ON'}, {'code': 'human_motion_state', 'value': 'LARGER_MOVE'}]}",sensor,['Mayki'],Mayki,USAR_PC_MANHA,2024-11-30 14:03:15.131108,QUARTO
QUARTO_SENSOR_PRESENCA-002,dispcb84ddaedb893afc1d478e18a6a44419,0s9d8f9s0d8f0s9df8s0f8,"{'status': [{'code': 'presence_state', 'value': 'OFF'}, {'code': 'human_motion_state', 'value': 'NONE'}]}",sensor,['Mayki'],Mayki,IR_NA_VARANDA,2024-11-30 14:13:15.570837,QUARTO
QUARTO_SENSOR_PRESENCA-002,dispcb84ddaedb893afc1d478e18a6a44419,0s9d8f9s0d8f0s9df8s0f8,"{'status': [{'code': 'presence_state', 'value': 'ON'}, {'code': 'human_motion_state', 'value': 'LARGER_MOVE'}]}",sensor,['Mayki'],Mayki,USAR_PC_MANHA,2024-11-30 14:23:15.325855,QUARTO
QUARTO_PLUG_01-003,dispe3d457f8ccadfa505c7579f0d2a7f630,3s2d1f0sdf1sdf18s79sddf,"{'status': [{'code': 'switch_1', 'value': 'OFF'}]}",atuador,['Mayki'],Mayki,USAR_PC_MANHA,2024-11-30 14:28:53.362800,QUARTO
QUARTO_SENSOR_PRESENCA-002,dispcb84ddaedb893afc1d478e18a6a44419,0s9d8f9s0d8f0s9df8s0f8,"{'status': [{'code': 'presence_state', 'value': 'OFF'}, {'code': 'human_motion_state', 'value': 'NONE'}]}",sensor,['Mayki'],Mayki,USAR_PC_MANHA,2024-11-30 14:28:53.215825,QUARTO
QUARTO_SENSOR_PRESENCA-002,dispcb84ddaedb893afc1d478e18a6a44419,0s9d8f9s0d8f0s9df8s0f8,"{'status': [{'code': 'presence_state', 'value': 'ON'}, {'code': 'human_motion_state', 'value': 'LARGER_MOVE'}]}",sensor,['Mayki'],Mayki,USAR_PC_MANHA,2024-11-30 17:15:15.086405,QUARTO
QUARTO_PLUG_01-003,dispe3d457f8ccadfa505c7579f0d2a7f630,3s2d1f0sdf1sdf18s79sddf,"{'status': [{'code': 'switch_1', 'value': 'ON'}]}",atuador,['Mayki'],Mayki,USAR_PC_MANHA,2024-11-30 17:15:20.907577,QUARTO
QUARTO_SENSOR_PRESENCA-002,dispcb84ddaedb893afc1d478e18a6a44419,0s9d8f9s0d8f0s9df8s0f8,"{'status': [{'code': 'presence_state', 'value': 'OFF'}, {'code': 'human_motion_state', 'value': 'NONE'}]}",sensor,['Mayki'],Mayki,IR_NA_VARANDA,2024-11-30 17:25:20.686447,QUARTO
QUARTO_SENSOR_PRESENCA-002,dispcb84ddaedb893afc1d478e18a6a44419,0s9d8f9s0d8f0s9df8s0f8,"{'status': [{'code': 'presence_state', 'value': 'ON'}, {'code': 'human_motion_state', 'value': 'LARGER_MOVE'}]}",sensor,['Mayki'],Mayki,USAR_PC_MANHA,2024-11-30 17:35:20.966218,QUARTO
QUARTO_SENSOR_PRESENCA-002,dispcb84ddaedb893afc1d478e18a6a44419,0s9d8f9s0d8f0s9df8s0f8,"{'status': [{'code': 'presence_state', 'value': 'OFF'}, {'code': 'human_motion_state', 'value': 'NONE'}]}",sensor,['Mayki'],Mayki,BEBER_AGUA,2024-11-30 17:55:20.749345,QUARTO
QUARTO_SENSOR_PRESENCA-002,dispcb84ddaedb893afc1d478e18a6a44419,0s9d8f9s0d8f0s9df8s0f8,"{'status': [{'code': 'presence_state', 'value': 'ON'}, {'code': 'human_motion_state', 'value': 'LARGER_MOVE'}]}",sensor,['Mayki'],Mayki,USAR_PC_MANHA,2024-11-30 18:01:20.042336,QUARTO
QUARTO_LAMPADA-001,dispf34127e9d687887832c76c7fed087a61,435a6fsdfsdfs879s9fs7,"{'status': [{'code': 'switch_led', 'value': 'ON'}, {'code': 'bright_value_v2', 'value': 1000}, {'code': 'temp_value_v2', 'value': 500}]}",atuador,['Mayki'],Mayki,USAR_PC_NOITE,2024-11-30 18:16:21.313655,QUARTO
QUARTO_LAMPADA-001,dispf34127e9d687887832c76c7fed087a61,435a6fsdfsdfs879s9fs7,"{'status': [{'code': 'switch_led', 'value': 'OFF'}, {'code': 'bright_value_v2', 'value': 1000}, {'code': 'temp_value_v2', 'value': 500}]}",atuador,['Mayki'],Mayki,USAR_PC_MADRUGADA_INICIO_DOM,2024-12-01 01:53:56.636902,QUARTO
QUARTO_PLUG_01-003,dispe3d457f8ccadfa505c7579f0d2a7f630,3s2d1f0sdf1sdf18s79sddf,"{'status': [{'code': 'switch_1', 'value': 'OFF'}]}",atuador,['Mayki'],Mayki,USAR_PC_MADRUGADA_INICIO_DOM,2024-12-01 01:54:37.304684,QUARTO
QUARTO_PLUG_02-004,disp4af167c9d4df8acd2894e2f77c7aec28,3s2d1f0sdf1sdf18s79sddf,"{'status': [{'code': 'switch_1', 'value': 'ON'}]}",atuador,['Mayki'],Mayki,DORMIR_FIM_SEM,2024-12-01 01:54:42.545544,QUARTO
QUARTO_PLUG_02-004,disp4af167c9d4df8acd2894e2f77c7aec28,3s2d1f0sdf1sdf18s79sddf,"{'status': [{'code': 'switch_1', 'value': 'OFF'}]}",atuador,['Mayki'],Mayki,DORMIR_FIM_SEM,2024-12-01 10:05:32.511169,QUARTO
QUARTO_SENSOR_PRESENCA-002,dispcb84ddaedb893afc1d478e18a6a44419,0s9d8f9s0d8f0s9df8s0f8,"{'status': [{'code': 'presence_state', 'value': 'OFF'}, {'code': 'human_motion_state', 'value': 'NONE'}]}",sensor,['Mayki'],Mayki,DORMIR_FIM_SEM,2024-12-01 10:05:32.326016,QUARTO
QUARTO_SENSOR_PRESENCA-002,dispcb84ddaedb893afc1d478e18a6a44419,0s9d8f9s0d8f0s9df8s0f8,"{'status': [{'code': 'presence_state', 'value': 'ON'}, {'code': 'human_motion_state', 'value': 'LARGER_MOVE'}]}",sensor,['Mayki'],Mayki,USAR_PC_MANHA_FIM_SEM,2024-12-01 10:13:32.167483,QUARTO
QUARTO_PLUG_01-003,dispe3d457f8ccadfa505c7579f0d2a7f630,3s2d1f0sdf1sdf18s79sddf,"{'status': [{'code': 'switch_1', 'value': 'ON'}]}",atuador,['Mayki'],Mayki,USAR_PC_MANHA_FIM_SEM,2024-12-01 10:13:37.958845,QUARTO
QUARTO_PLUG_01-003,dispe3d457f8ccadfa505c7579f0d2a7f630,3s2d1f0sdf1sdf18s79sddf,"{'status': [{'code': 'switch_1', 'value': 'OFF'}]}",atuador,['Mayki'],Mayki,USAR_PC_MANHA_FIM_SEM,2024-12-01 11:36:03.166574,QUARTO
QUARTO_SENSOR_PRESENCA-002,dispcb84ddaedb893afc1d478e18a6a44419,0s9d8f9s0d8f0s9df8s0f8,"{'status': [{'code': 'presence_state', 'value': 'OFF'}, {'code': 'human_motion_state', 'value': 'NONE'}]}",sensor,['Mayki'],Mayki,USAR_PC_MANHA_FIM_SEM,2024-12-01 11:36:03.555151,QUARTO
QUARTO_SENSOR_PRESENCA-002,dispcb84ddaedb893afc1d478e18a6a44419,0s9d8f9s0d8f0s9df8s0f8,"{'status': [{'code': 'presence_state', 'value': 'ON'}, {'code': 'human_motion_state', 'value': 'LARGER_MOVE'}]}",sensor,['Mayki'],Mayki,USAR_PC_NOITE_FIM_SEM,2024-12-01 18:03:42.390853,QUARTO
QUARTO_LAMPADA-001,dispf34127e9d687887832c76c7fed087a61,435a6fsdfsdfs879s9fs7,"{'status': [{'code': 'switch_led', 'value': 'ON'}, {'code': 'bright_value_v2', 'value': 1000}, {'code': 'temp_value_v2', 'value': 500}]}",atuador,['Mayki'],Mayki,USAR_PC_NOITE_FIM_SEM,2024-12-01 18:03:47.892485,QUARTO
QUARTO_PLUG_01-003,dispe3d457f8ccadfa505c7579f0d2a7f630,3s2d1f0sdf1sdf18s79sddf,"{'status': [{'code': 'switch_1', 'value': 'ON'}]}",atuador,['Mayki'],Mayki,USAR_PC_NOITE_FIM_SEM,2024-12-01 18:03:52.130465,QUARTO
QUARTO_LAMPADA-001,dispf34127e9d687887832c76c7fed087a61,435a6fsdfsdfs879s9fs7,"{'status': [{'code': 'switch_led', 'value': 'OFF'}, {'code': 'bright_value_v2', 'value': 1000}, {'code': 'temp_value_v2', 'value': 500}]}",atuador,['Mayki'],Mayki,USAR_PC_NOITE_FIM_SEM,2024-12-01 21:49:45.876511,QUARTO
QUARTO_PLUG_01-003,dispe3d457f8ccadfa505c7579f0d2a7f630,3s2d1f0sdf1sdf18s79sddf,"{'status': [{'code': 'switch_1', 'value': 'OFF'}]}",atuador,['Mayki'],Mayki,USAR_PC_NOITE_FIM_SEM,2024-12-01 21:50:31.560545,QUARTO
QUARTO_SENSOR_PRESENCA-002,dispcb84ddaedb893afc1d478e18a6a44419,0s9d8f9s0d8f0s9df8s0f8,"{'status': [{'code': 'presence_state', 'value': 'OFF'}, {'code': 'human_motion_state', 'value': 'NONE'}]}",sensor,['Mayki'],Mayki,USAR_PC_NOITE_FIM_SEM,2024-12-01 21:50:31.736579,QUARTO
QUARTO_SENSOR_PRESENCA-002,dispcb84ddaedb893afc1d478e18a6a44419,0s9d8f9s0d8f0s9df8s0f8,"{'status': [{'code': 'presence_state', 'value': 'ON'}, {'code': 'human_motion_state', 'value': 'LARGER_MOVE'}]}",sensor,['Mayki'],Mayki,USAR_PC_NOITE_FIM_DOM,2024-12-01 22:01:12.741182,QUARTO
QUARTO_LAMPADA-001,dispf34127e9d687887832c76c7fed087a61,435a6fsdfsdfs879s9fs7,"{'status': [{'code': 'switch_led', 'value': 'ON'}, {'code': 'bright_value_v2', 'value': 1000}, {'code': 'temp_value_v2', 'value': 500}]}",atuador,['Mayki'],Mayki,USAR_PC_NOITE_FIM_DOM,2024-12-01 22:01:17.965830,QUARTO
QUARTO_PLUG_01-003,dispe3d457f8ccadfa505c7579f0d2a7f630,3s2d1f0sdf1sdf18s79sddf,"{'status': [{'code': 'switch_1', 'value': 'ON'}]}",atuador,['Mayki'],Mayki,USAR_PC_NOITE_FIM_DOM,2024-12-01 22:01:22.242177,QUARTO
QUARTO_LAMPADA-001,dispf34127e9d687887832c76c7fed087a61,435a6fsdfsdfs879s9fs7,"{'status': [{'code': 'switch_led', 'value': 'OFF'}, {'code': 'bright_value_v2', 'value': 1000}, {'code': 'temp_value_v2', 'value': 500}]}",atuador,['Mayki'],Mayki,BEBER_AGUA,2024-12-01 22:02:00.626845,QUARTO
QUARTO_SENSOR_PRESENCA-002,dispcb84ddaedb893afc1d478e18a6a44419,0s9d8f9s0d8f0s9df8s0f8,"{'status': [{'code': 'presence_state', 'value': 'OFF'}, {'code': 'human_motion_state', 'value': 'NONE'}]}",sensor,['Mayki'],Mayki,BEBER_AGUA,2024-12-01 22:02:00.240721,QUARTO
QUARTO_SENSOR_PRESENCA-002,dispcb84ddaedb893afc1d478e18a6a44419,0s9d8f9s0d8f0s9df8s0f8,"{'status': [{'code': 'presence_state', 'value': 'ON'}, {'code': 'human_motion_state', 'value': 'LARGER_MOVE'}]}",sensor,['Mayki'],Mayki,USAR_PC_NOITE_FIM_DOM,2024-12-01 22:08:00.162283,QUARTO
QUARTO_LAMPADA-001,dispf34127e9d687887832c76c7fed087a61,435a6fsdfsdfs879s9fs7,"{'status': [{'code': 'switch_led', 'value': 'ON'}, {'code': 'bright_value_v2', 'value': 1000}, {'code': 'temp_value_v2', 'value': 500}]}",atuador,['Mayki'],Mayki,USAR_PC_NOITE_FIM_DOM,2024-12-01 22:08:05.628168,QUARTO
QUARTO_LAMPADA-001,dispf34127e9d687887832c76c7fed087a61,435a6fsdfsdfs879s9fs7,"{'status': [{'code': 'switch_led', 'value': 'OFF'}, {'code': 'bright_value_v2', 'value': 1000}, {'code': 'temp_value_v2', 'value': 500}]}",atuador,['Mayki'],Mayki,IR_NA_VARANDA,2024-12-01 22:38:35.488901,QUARTO
QUARTO_SENSOR_PRESENCA-002,dispcb84ddaedb893afc1d478e18a6a44419,0s9d8f9s0d8f0s9df8s0f8,"{'status': [{'code': 'presence_state', 'value': 'OFF'}, {'code': 'human_motion_state', 'value': 'NONE'}]}",sensor,['Mayki'],Mayki,IR_NA_VARANDA,2024-12-01 22:38:35.353132,QUARTO
QUARTO_SENSOR_PRESENCA-002,dispcb84ddaedb893afc1d478e18a6a44419,0s9d8f9s0d8f0s9df8s0f8,"{'status': [{'code': 'presence_state', 'value': 'ON'}, {'code': 'human_motion_state', 'value': 'LARGER_MOVE'}]}",sensor,['Mayki'],Mayki,USAR_PC_NOITE_FIM_DOM,2024-12-01 22:48:35.476195,QUARTO
QUARTO_LAMPADA-001,dispf34127e9d687887832c76c7fed087a61,435a6fsdfsdfs879s9fs7,"{'status': [{'code': 'switch_led', 'value': 'ON'}, {'code': 'bright_value_v2', 'value': 1000}, {'code': 'temp_value_v2', 'value': 500}]}",atuador,['Mayki'],Mayki,USAR_PC_NOITE_FIM_DOM,2024-12-01 22:48:40.700484,QUARTO
QUARTO_LAMPADA-001,dispf34127e9d687887832c76c7fed087a61,435a6fsdfsdfs879s9fs7,"{'status': [{'code': 'switch_led', 'value': 'OFF'}, {'code': 'bright_value_v2', 'value': 1000}, {'code': 'temp_value_v2', 'value': 500}]}",atuador,['Mayki'],Mayki,USAR_PC_MADRUGADA_INICIO_SEG_20M2,2024-12-02 00:54:05.439752,QUARTO
QUARTO_PLUG_01-003,dispe3d457f8ccadfa505c7579f0d2a7f630,3s2d1f0sdf1sdf18s79sddf,"{'status': [{'code': 'switch_1', 'value': 'OFF'}]}",atuador,['Mayki'],Mayki,USAR_PC_MADRUGADA_INICIO_SEG_20M2,2024-12-02 00:54:48.727714,QUARTO
QUARTO_PLUG_02-004,disp4af167c9d4df8acd2894e2f77c7aec28,3s2d1f0sdf1sdf18s79sddf,"{'status': [{'code': 'switch_1', 'value': 'ON'}]}",atuador,['Mayki'],Mayki,DORMIR,2024-12-02 00:54:53.832273,QUARTO
QUARTO_SENSOR_PRESENCA-002,dispcb84ddaedb893afc1d478e18a6a44419,0s9d8f9s0d8f0s9df8s0f8,"{'status': [{'code': 'presence_state', 'value': 'OFF'}, {'code': 'human_motion_state', 'value': 'NONE'}]}",sensor,['Mayki'],Mayki,USAR_BANHEIRO,2024-12-02 01:25:07.936670,QUARTO
QUARTO_SENSOR_PRESENCA-002,dispcb84ddaedb893afc1d478e18a6a44419,0s9d8f9s0d8f0s9df8s0f8,"{'status': [{'code': 'presence_state', 'value': 'ON'}, {'code': 'human_motion_state', 'value': 'LARGER_MOVE'}]}",sensor,['Mayki'],Mayki,DORMIR,2024-12-02 01:30:07.096762,QUARTO
QUARTO_PLUG_02-004,disp4af167c9d4df8acd2894e2f77c7aec28,3s2d1f0sdf1sdf18s79sddf,"{'status': [{'code': 'switch_1', 'value': 'OFF'}]}",atuador,['Mayki'],Mayki,DORMIR_30M,2024-12-02 08:01:52.336328,QUARTO
QUARTO_SENSOR_PRESENCA-002,dispcb84ddaedb893afc1d478e18a6a44419,0s9d8f9s0d8f0s9df8s0f8,"{'status': [{'code': 'presence_state', 'value': 'OFF'}, {'code': 'human_motion_state', 'value': 'NONE'}]}",sensor,['Mayki'],Mayki,DORMIR_30M,2024-12-02 08:01:52.132526,QUARTO
QUARTO_SENSOR_PRESENCA-002,dispcb84ddaedb893afc1d478e18a6a44419,0s9d8f9s0d8f0s9df8s0f8,"{'status': [{'code': 'presence_state', 'value': 'ON'}, {'code': 'human_motion_state', 'value': 'LARGER_MOVE'}]}",sensor,['Mayki'],Mayki,FAZER_NADA_DIA,2024-12-02 08:29:52.646910,QUARTO
QUARTO_PLUG_01-003,dispe3d457f8ccadfa505c7579f0d2a7f630,3s2d1f0sdf1sdf18s79sddf,"{'status': [{'code': 'switch_1', 'value': 'ON'}]}",atuador,['Mayki'],Mayki,USAR_PC_MANHA,2024-12-02 08:40:40.787868,QUARTO
QUARTO_SENSOR_PRESENCA-002,dispcb84ddaedb893afc1d478e18a6a44419,0s9d8f9s0d8f0s9df8s0f8,"{'status': [{'code': 'presence_state', 'value': 'OFF'}, {'code': 'human_motion_state', 'value': 'NONE'}]}",sensor,['Mayki'],Mayki,IR_NA_VARANDA,2024-12-02 09:00:40.043950,QUARTO
QUARTO_SENSOR_PRESENCA-002,dispcb84ddaedb893afc1d478e18a6a44419,0s9d8f9s0d8f0s9df8s0f8,"{'status': [{'code': 'presence_state', 'value': 'ON'}, {'code': 'human_motion_state', 'value': 'LARGER_MOVE'}]}",sensor,['Mayki'],Mayki,USAR_PC_MANHA,2024-12-02 09:10:40.679610,QUARTO
QUARTO_SENSOR_PRESENCA-002,dispcb84ddaedb893afc1d478e18a6a44419,0s9d8f9s0d8f0s9df8s0f8,"{'status': [{'code': 'presence_state', 'value': 'OFF'}, {'code': 'human_motion_state', 'value': 'NONE'}]}",sensor,['Mayki'],Mayki,SAIR_COMODO_5M,2024-12-02 09:20:40.811132,QUARTO
QUARTO_SENSOR_PRESENCA-002,dispcb84ddaedb893afc1d478e18a6a44419,0s9d8f9s0d8f0s9df8s0f8,"{'status': [{'code': 'presence_state', 'value': 'ON'}, {'code': 'human_motion_state', 'value': 'LARGER_MOVE'}]}",sensor,['Mayki'],Mayki,USAR_PC_MANHA,2024-12-02 09:25:40.785749,QUARTO
QUARTO_PLUG_01-003,dispe3d457f8ccadfa505c7579f0d2a7f630,3s2d1f0sdf1sdf18s79sddf,"{'status': [{'code': 'switch_1', 'value': 'OFF'}]}",atuador,['Mayki'],Mayki,USAR_PC_MANHA,2024-12-02 09:41:16.666195,QUARTO
QUARTO_SENSOR_PRESENCA-002,dispcb84ddaedb893afc1d478e18a6a44419,0s9d8f9s0d8f0s9df8s0f8,"{'status': [{'code': 'presence_state', 'value': 'OFF'}, {'code': 'human_motion_state', 'value': 'NONE'}]}",sensor,['Mayki'],Mayki,FAZER_NADA_DIA,2024-12-02 09:51:39.901164,QUARTO
QUARTO_SENSOR_PRESENCA-002,dispcb84ddaedb893afc1d478e18a6a44419,0s9d8f9s0d8f0s9df8s0f8,"{'status': [{'code': 'presence_state', 'value': 'ON'}, {'code': 'human_motion_state', 'value': 'LARGER_MOVE'}]}",sensor,['Mayki'],Mayki,USAR_PC_NOITE,2024-12-02 18:27:02.194096,QUARTO
QUARTO_LAMPADA-001,dispf34127e9d687887832c76c7fed087a61,435a6fsdfsdfs879s9fs7,"{'status': [{'code': 'switch_led', 'value': 'ON'}, {'code': 'bright_value_v2', 'value': 1000}, {'code': 'temp_value_v2', 'value': 500}]}",atuador,['Mayki'],Mayki,USAR_PC_NOITE,2024-12-02 18:27:07.795756,QUARTO
QUARTO_PLUG_01-003,dispe3d457f8ccadfa505c7579f0d2a7f630,3s2d1f0sdf1sdf18s79sddf,"{'status': [{'code': 'switch_1', 'value': 'ON'}]}",atuador,['Mayki'],Mayki,USAR_PC_NOITE,2024-12-02 18:27:12.458678,QUARTO
QUARTO_LAMPADA-001,dispf34127e9d687887832c76c7fed087a61,435a6fsdfsdfs879s9fs7,"{'status': [{'code': 'switch_led', 'value': 'OFF'}, {'code': 'bright_value_v2', 'value': 1000}, {'code': 'temp_value_v2', 'value': 500}]}",atuador,['Mayki'],Mayki,IR_NA_VARANDA,2024-12-02 18:47:47.019337,QUARTO
QUARTO_SENSOR_PRESENCA-002,dispcb84ddaedb893afc1d478e18a6a44419,0s9d8f9s0d8f0s9df8s0f8,"{'status': [{'code': 'presence_state', 'value': 'OFF'}, {'code': 'human_motion_state', 'value': 'NONE'}]}",sensor,['Mayki'],Mayki,IR_NA_VARANDA,2024-12-02 18:47:47.521877,QUARTO
QUARTO_SENSOR_PRESENCA-002,dispcb84ddaedb893afc1d478e18a6a44419,0s9d8f9s0d8f0s9df8s0f8,"{'status': [{'code': 'presence_state', 'value': 'ON'}, {'code': 'human_motion_state', 'value': 'LARGER_MOVE'}]}",sensor,['Mayki'],Mayki,USAR_PC_NOITE,2024-12-02 18:57:47.019324,QUARTO
QUARTO_LAMPADA-001,dispf34127e9d687887832c76c7fed087a61,435a6fsdfsdfs879s9fs7,"{'status': [{'code': 'switch_led', 'value': 'ON'}, {'code': 'bright_value_v2', 'value': 1000}, {'code': 'temp_value_v2', 'value': 500}]}",atuador,['Mayki'],Mayki,USAR_PC_NOITE,2024-12-02 18:57:52.655310,QUARTO
QUARTO_LAMPADA-001,dispf34127e9d687887832c76c7fed087a61,435a6fsdfsdfs879s9fs7,"{'status': [{'code': 'switch_led', 'value': 'OFF'}, {'code': 'bright_value_v2', 'value': 1000}, {'code': 'temp_value_v2', 'value': 500}]}",atuador,['Mayki'],Mayki,BEBER_AGUA,2024-12-02 23:04:03.959733,QUARTO
QUARTO_SENSOR_PRESENCA-002,dispcb84ddaedb893afc1d478e18a6a44419,0s9d8f9s0d8f0s9df8s0f8,"{'status': [{'code': 'presence_state', 'value': 'OFF'}, {'code': 'human_motion_state', 'value': 'NONE'}]}",sensor,['Mayki'],Mayki,BEBER_AGUA,2024-12-02 23:04:03.473022,QUARTO
QUARTO_SENSOR_PRESENCA-002,dispcb84ddaedb893afc1d478e18a6a44419,0s9d8f9s0d8f0s9df8s0f8,"{'status': [{'code': 'presence_state', 'value': 'ON'}, {'code': 'human_motion_state', 'value': 'LARGER_MOVE'}]}",sensor,['Mayki'],Mayki,USAR_PC_NOITE_FIM_SEG,2024-12-02 23:10:03.612797,QUARTO
QUARTO_LAMPADA-001,dispf34127e9d687887832c76c7fed087a61,435a6fsdfsdfs879s9fs7,"{'status': [{'code': 'switch_led', 'value': 'ON'}, {'code': 'bright_value_v2', 'value': 1000}, {'code': 'temp_value_v2', 'value': 500}]}",atuador,['Mayki'],Mayki,USAR_PC_NOITE_FIM_SEG,2024-12-02 23:10:08.559301,QUARTO
QUARTO_LAMPADA-001,dispf34127e9d687887832c76c7fed087a61,435a6fsdfsdfs879s9fs7,"{'status': [{'code': 'switch_led', 'value': 'OFF'}, {'code': 'bright_value_v2', 'value': 1000}, {'code': 'temp_value_v2', 'value': 500}]}",atuador,['Mayki'],Mayki,USAR_PC_NOITE_FIM_SEG,2024-12-03 00:00:41.804232,QUARTO
QUARTO_PLUG_01-003,dispe3d457f8ccadfa505c7579f0d2a7f630,3s2d1f0sdf1sdf18s79sddf,"{'status': [{'code': 'switch_1', 'value': 'OFF'}]}",atuador,['Mayki'],Mayki,USAR_PC_NOITE_FIM_SEG,2024-12-03 00:01:19.099587,QUARTO
QUARTO_PLUG_02-004,disp4af167c9d4df8acd2894e2f77c7aec28,3s2d1f0sdf1sdf18s79sddf,"{'status': [{'code': 'switch_1', 'value': 'ON'}]}",atuador,['Mayki'],Mayki,DORMIR,2024-12-03 00:01:24.004350,QUARTO
QUARTO_PLUG_02-004,disp4af167c9d4df8acd2894e2f77c7aec28,3s2d1f0sdf1sdf18s79sddf,"{'status': [{'code': 'switch_1', 'value': 'OFF'}]}",atuador,['Mayki'],Mayki,DORMIR_30M,2024-12-03 08:10:30.701489,QUARTO
QUARTO_SENSOR_PRESENCA-002,dispcb84ddaedb893afc1d478e18a6a44419,0s9d8f9s0d8f0s9df8s0f8,"{'status': [{'code': 'presence_state', 'value': 'OFF'}, {'code': 'human_motion_state', 'value': 'NONE'}]}",sensor,['Mayki'],Mayki,DORMIR_30M,2024-12-03 08:10:30.144573,QUARTO
QUARTO_SENSOR_PRESENCA-002,dispcb84ddaedb893afc1d478e18a6a44419,0s9d8f9s0d8f0s9df8s0f8,"{'status': [{'code': 'presence_state', 'value': 'ON'}, {'code': 'human_motion_state', 'value': 'LARGER_MOVE'}]}",sensor,['Mayki'],Mayki,FAZER_NADA_DIA,2024-12-03 08:43:30.588636,QUARTO
QUARTO_PLUG_01-003,dispe3d457f8ccadfa505c7579f0d2a7f630,3s2d1f0sdf1sdf18s79sddf,"{'status': [{'code': 'switch_1', 'value': 'ON'}]}",atuador,['Mayki'],Mayki,USAR_PC_MANHA_30M,2024-12-03 08:54:38.663442,QUARTO
QUARTO_SENSOR_PRESENCA-002,dispcb84ddaedb893afc1d478e18a6a44419,0s9d8f9s0d8f0s9df8s0f8,"{'status': [{'code': 'presence_state', 'value': 'OFF'}, {'code': 'human_motion_state', 'value': 'NONE'}]}",sensor,['Mayki'],Mayki,IR_NA_VARANDA,2024-12-03 09:04:38.986645,QUARTO
QUARTO_SENSOR_PRESENCA-002,dispcb84ddaedb893afc1d478e18a6a44419,0s9d8f9s0d8f0s9df8s0f8,"{'status': [{'code': 'presence_state', 'value': 'ON'}, {'code': 'human_motion_state', 'value': 'LARGER_MOVE'}]}",sensor,['Mayki'],Mayki,USAR_PC_MANHA_30M,2024-12-03 09:14:38.302875,QUARTO
QUARTO_PLUG_01-003,dispe3d457f8ccadfa505c7579f0d2a7f630,3s2d1f0sdf1sdf18s79sddf,"{'status': [{'code': 'switch_1', 'value': 'OFF'}]}",atuador,['Mayki'],Mayki,USAR_PC_MANHA_30M,2024-12-03 09:27:42.821539,QUARTO
QUARTO_SENSOR_PRESENCA-002,dispcb84ddaedb893afc1d478e18a6a44419,0s9d8f9s0d8f0s9df8s0f8,"{'status': [{'code': 'presence_state', 'value': 'OFF'}, {'code': 'human_motion_state', 'value': 'NONE'}]}",sensor,['Mayki'],Mayki,USAR_PC_MANHA_30M,2024-12-03 09:27:42.679469,QUARTO
QUARTO_SENSOR_PRESENCA-002,dispcb84ddaedb893afc1d478e18a6a44419,0s9d8f9s0d8f0s9df8s0f8,"{'status': [{'code': 'presence_state', 'value': 'ON'}, {'code': 'human_motion_state', 'value': 'LARGER_MOVE'}]}",sensor,['Mayki'],Mayki,FAZER_NADA_NOITE,2024-12-03 18:52:07.853361,QUARTO
QUARTO_LAMPADA-001,dispf34127e9d687887832c76c7fed087a61,435a6fsdfsdfs879s9fs7,"{'status': [{'code': 'switch_led', 'value': 'ON'}, {'code': 'bright_value_v2', 'value': 1000}, {'code': 'temp_value_v2', 'value': 500}]}",atuador,['Mayki'],Mayki,FAZER_NADA_NOITE,2024-12-03 18:52:12.310570,QUARTO
QUARTO_LAMPADA-001,dispf34127e9d687887832c76c7fed087a61,435a6fsdfsdfs879s9fs7,"{'status': [{'code': 'switch_led', 'value': 'OFF'}, {'code': 'bright_value_v2', 'value': 1000}, {'code': 'temp_value_v2', 'value': 500}]}",atuador,['Mayki'],Mayki,FAZER_NADA_NOITE,2024-12-03 19:28:29.000123,QUARTO
QUARTO_SENSOR_PRESENCA-002,dispcb84ddaedb893afc1d478e18a6a44419,0s9d8f9s0d8f0s9df8s0f8,"{'status': [{'code': 'presence_state', 'value': 'OFF'}, {'code': 'human_motion_state', 'value': 'NONE'}]}",sensor,['Mayki'],Mayki,FAZER_NADA_NOITE,2024-12-03 19:28:29.896719,QUARTO
QUARTO_SENSOR_PRESENCA-002,dispcb84ddaedb893afc1d478e18a6a44419,0s9d8f9s0d8f0s9df8s0f8,"{'status': [{'code': 'presence_state', 'value': 'ON'}, {'code': 'human_motion_state', 'value': 'LARGER_MOVE'}]}",sensor,['Mayki'],Mayki,USAR_PC_NOITE_TERCA,2024-12-03 19:38:32.917788,QUARTO
QUARTO_LAMPADA-001,dispf34127e9d687887832c76c7fed087a61,435a6fsdfsdfs879s9fs7,"{'status': [{'code': 'switch_led', 'value': 'ON'}, {'code': 'bright_value_v2', 'value': 1000}, {'code': 'temp_value_v2', 'value': 500}]}",atuador,['Mayki'],Mayki,USAR_PC_NOITE_TERCA,2024-12-03 19:38:37.443861,QUARTO
QUARTO_PLUG_01-003,dispe3d457f8ccadfa505c7579f0d2a7f630,3s2d1f0sdf1sdf18s79sddf,"{'status': [{'code': 'switch_1', 'value': 'ON'}]}",atuador,['Mayki'],Mayki,USAR_PC_NOITE_TERCA,2024-12-03 19:38:42.936476,QUARTO
QUARTO_LAMPADA-001,dispf34127e9d687887832c76c7fed087a61,435a6fsdfsdfs879s9fs7,"{'status': [{'code': 'switch_led', 'value': 'OFF'}, {'code': 'bright_value_v2', 'value': 1000}, {'code': 'temp_value_v2', 'value': 500}]}",atuador,['Mayki'],Mayki,IR_NA_VARANDA,2024-12-03 22:25:36.878525,QUARTO
QUARTO_SENSOR_PRESENCA-002,dispcb84ddaedb893afc1d478e18a6a44419,0s9d8f9s0d8f0s9df8s0f8,"{'status': [{'code': 'presence_state', 'value': 'OFF'}, {'code': 'human_motion_state', 'value': 'NONE'}]}",sensor,['Mayki'],Mayki,IR_NA_VARANDA,2024-12-03 22:25:36.552241,QUARTO
QUARTO_SENSOR_PRESENCA-002,dispcb84ddaedb893afc1d478e18a6a44419,0s9d8f9s0d8f0s9df8s0f8,"{'status': [{'code': 'presence_state', 'value': 'ON'}, {'code': 'human_motion_state', 'value': 'LARGER_MOVE'}]}",sensor,['Mayki'],Mayki,USAR_PC_NOITE_FIM,2024-12-03 22:35:36.536663,QUARTO
QUARTO_LAMPADA-001,dispf34127e9d687887832c76c7fed087a61,435a6fsdfsdfs879s9fs7,"{'status': [{'code': 'switch_led', 'value': 'ON'}, {'code': 'bright_value_v2', 'value': 1000}, {'code': 'temp_value_v2', 'value': 500}]}",atuador,['Mayki'],Mayki,USAR_PC_NOITE_FIM,2024-12-03 22:35:41.376110,QUARTO
QUARTO_LAMPADA-001,dispf34127e9d687887832c76c7fed087a61,435a6fsdfsdfs879s9fs7,"{'status': [{'code': 'switch_led', 'value': 'OFF'}, {'code': 'bright_value_v2', 'value': 1000}, {'code': 'temp_value_v2', 'value': 500}]}",atuador,['Mayki'],Mayki,SAIR_COMODO_5M,2024-12-03 23:26:05.935196,QUARTO
QUARTO_SENSOR_PRESENCA-002,dispcb84ddaedb893afc1d478e18a6a44419,0s9d8f9s0d8f0s9df8s0f8,"{'status': [{'code': 'presence_state', 'value': 'OFF'}, {'code': 'human_motion_state', 'value': 'NONE'}]}",sensor,['Mayki'],Mayki,SAIR_COMODO_5M,2024-12-03 23:26:05.665805,QUARTO
QUARTO_SENSOR_PRESENCA-002,dispcb84ddaedb893afc1d478e18a6a44419,0s9d8f9s0d8f0s9df8s0f8,"{'status': [{'code': 'presence_state', 'value': 'ON'}, {'code': 'human_motion_state', 'value': 'LARGER_MOVE'}]}",sensor,['Mayki'],Mayki,USAR_PC_NOITE_FIM,2024-12-03 23:31:05.402342,QUARTO
QUARTO_LAMPADA-001,dispf34127e9d687887832c76c7fed087a61,435a6fsdfsdfs879s9fs7,"{'status': [{'code': 'switch_led', 'value': 'ON'}, {'code': 'bright_value_v2', 'value': 1000}, {'code': 'temp_value_v2', 'value': 500}]}",atuador,['Mayki'],Mayki,USAR_PC_NOITE_FIM,2024-12-03 23:31:10.629659,QUARTO
QUARTO_PLUG_01-003,dispe3d457f8ccadfa505c7579f0d2a7f630,3s2d1f0sdf1sdf18s79sddf,"{'status': [{'code': 'switch_1', 'value': 'OFF'}]}",atuador,['Mayki'],Mayki,USAR_PC_NOITE_FIM,2024-12-04 00:01:57.561879,QUARTO
QUARTO_LAMPADA-001,dispf34127e9d687887832c76c7fed087a61,435a6fsdfsdfs879s9fs7,"{'status': [{'code': 'switch_led', 'value': 'OFF'}, {'code': 'bright_value_v2', 'value': 1000}, {'code': 'temp_value_v2', 'value': 500}]}",atuador,['Mayki'],Mayki,FAZER_NADA_NOITE,2024-12-04 00:13:13.186637,QUARTO
QUARTO_PLUG_02-004,disp4af167c9d4df8acd2894e2f77c7aec28,3s2d1f0sdf1sdf18s79sddf,"{'status': [{'code': 'switch_1', 'value': 'ON'}]}",atuador,['Mayki'],Mayki,DORMIR_QUA,2024-12-04 00:13:18.421977,QUARTO
QUARTO_PLUG_02-004,disp4af167c9d4df8acd2894e2f77c7aec28,3s2d1f0sdf1sdf18s79sddf,"{'status': [{'code': 'switch_1', 'value': 'OFF'}]}",atuador,['Mayki'],Mayki,DORMIR_30M_QUA,2024-12-04 09:17:06.988252,QUARTO
QUARTO_SENSOR_PRESENCA-002,dispcb84ddaedb893afc1d478e18a6a44419,0s9d8f9s0d8f0s9df8s0f8,"{'status': [{'code': 'presence_state', 'value': 'OFF'}, {'code': 'human_motion_state', 'value': 'NONE'}]}",sensor,['Mayki'],Mayki,DORMIR_30M_QUA,2024-12-04 09:17:06.097032,QUARTO
QUARTO_SENSOR_PRESENCA-002,dispcb84ddaedb893afc1d478e18a6a44419,0s9d8f9s0d8f0s9df8s0f8,"{'status': [{'code': 'presence_state', 'value': 'ON'}, {'code': 'human_motion_state', 'value': 'LARGER_MOVE'}]}",sensor,['Mayki'],Mayki,FAZER_NADA_DIA,2024-12-04 09:25:06.380666,QUARTO
QUARTO_SENSOR_PRESENCA-002,dispcb84ddaedb893afc1d478e18a6a44419,0s9d8f9s0d8f0s9df8s0f8,"{'status': [{'code': 'presence_state', 'value': 'OFF'}, {'code': 'human_motion_state', 'value': 'NONE'}]}",sensor,['Mayki'],Mayki,FAZER_NADA_DIA,2024-12-04 10:45:30.323303,QUARTO
QUARTO_SENSOR_PRESENCA-002,dispcb84ddaedb893afc1d478e18a6a44419,0s9d8f9s0d8f0s9df8s0f8,"{'status': [{'code': 'presence_state', 'value': 'ON'}, {'code': 'human_motion_state', 'value': 'LARGER_MOVE'}]}",sensor,['Mayki'],Mayki,FAZER_NADA_NOITE,2024-12-04 19:33:44.904784,QUARTO
QUARTO_LAMPADA-001,dispf34127e9d687887832c76c7fed087a61,435a6fsdfsdfs879s9fs7,"{'status': [{'code': 'switch_led', 'value': 'ON'}, {'code': 'bright_value_v2', 'value': 1000}, {'code': 'temp_value_v2', 'value': 500}]}",atuador,['Mayki'],Mayki,FAZER_NADA_NOITE,2024-12-04 19:33:49.771185,QUARTO
QUARTO_PLUG_01-003,dispe3d457f8ccadfa505c7579f0d2a7f630,3s2d1f0sdf1sdf18s79sddf,"{'status': [{'code': 'switch_1', 'value': 'ON'}]}",atuador,['Mayki'],Mayki,USAR_PC_NOITE,2024-12-04 19:45:44.517941,QUARTO
QUARTO_LAMPADA-001,dispf34127e9d687887832c76c7fed087a61,435a6fsdfsdfs879s9fs7,"{'status': [{'code': 'switch_led', 'value': 'OFF'}, {'code': 'bright_value_v2', 'value': 1000}, {'code': 'temp_value_v2', 'value': 500}]}",atuador,['Mayki'],Mayki,PREPARAR_LANCHE,2024-12-04 22:01:06.738673,QUARTO
QUARTO_SENSOR_PRESENCA-002,dispcb84ddaedb893afc1d478e18a6a44419,0s9d8f9s0d8f0s9df8s0f8,"{'status': [{'code': 'presence_state', 'value': 'OFF'}, {'code': 'human_motion_state', 'value': 'NONE'}]}",sensor,['Mayki'],Mayki,PREPARAR_LANCHE,2024-12-04 22:01:06.071692,QUARTO
QUARTO_SENSOR_PRESENCA-002,dispcb84ddaedb893afc1d478e18a6a44419,0s9d8f9s0d8f0s9df8s0f8,"{'status': [{'code': 'presence_state', 'value': 'ON'}, {'code': 'human_motion_state', 'value': 'LARGER_MOVE'}]}",sensor,['Mayki'],Mayki,USAR_PC_NOITE_FIM_QUA,2024-12-04 22:14:06.661371,QUARTO
QUARTO_LAMPADA-001,dispf34127e9d687887832c76c7fed087a61,435a6fsdfsdfs879s9fs7,"{'status': [{'code': 'switch_led', 'value': 'ON'}, {'code': 'bright_value_v2', 'value': 1000}, {'code': 'temp_value_v2', 'value': 500}]}",atuador,['Mayki'],Mayki,USAR_PC_NOITE_FIM_QUA,2024-12-04 22:14:11.832962,QUARTO
QUARTO_LAMPADA-001,dispf34127e9d687887832c76c7fed087a61,435a6fsdfsdfs879s9fs7,"{'status': [{'code': 'switch_led', 'value': 'OFF'}, {'code': 'bright_value_v2', 'value': 1000}, {'code': 'temp_value_v2', 'value': 500}]}",atuador,['Mayki'],Mayki,USAR_BANHEIRO,2024-12-04 22:54:54.057342,QUARTO
QUARTO_SENSOR_PRESENCA-002,dispcb84ddaedb893afc1d478e18a6a44419,0s9d8f9s0d8f0s9df8s0f8,"{'status': [{'code': 'presence_state', 'value': 'OFF'}, {'code': 'human_motion_state', 'value': 'NONE'}]}",sensor,['Mayki'],Mayki,USAR_BANHEIRO,2024-12-04 22:54:54.740603,QUARTO
QUARTO_SENSOR_PRESENCA-002,dispcb84ddaedb893afc1d478e18a6a44419,0s9d8f9s0d8f0s9df8s0f8,"{'status': [{'code': 'presence_state', 'value': 'ON'}, {'code': 'human_motion_state', 'value': 'LARGER_MOVE'}]}",sensor,['Mayki'],Mayki,USAR_PC_NOITE_FIM_QUA,2024-12-04 22:59:54.461290,QUARTO
QUARTO_LAMPADA-001,dispf34127e9d687887832c76c7fed087a61,435a6fsdfsdfs879s9fs7,"{'status': [{'code': 'switch_led', 'value': 'ON'}, {'code': 'bright_value_v2', 'value': 1000}, {'code': 'temp_value_v2', 'value': 500}]}",atuador,['Mayki'],Mayki,USAR_PC_NOITE_FIM_QUA,2024-12-04 22:59:59.733366,QUARTO
QUARTO_LAMPADA-001,dispf34127e9d687887832c76c7fed087a61,435a6fsdfsdfs879s9fs7,"{'status': [{'code': 'switch_led', 'value': 'OFF'}, {'code': 'bright_value_v2', 'value': 1000}, {'code': 'temp_value_v2', 'value': 500}]}",atuador,['Mayki'],Mayki,SAIR_COMODO_5M,2024-12-04 23:30:30.188280,QUARTO
QUARTO_SENSOR_PRESENCA-002,dispcb84ddaedb893afc1d478e18a6a44419,0s9d8f9s0d8f0s9df8s0f8,"{'status': [{'code': 'presence_state', 'value': 'OFF'}, {'code': 'human_motion_state', 'value': 'NONE'}]}",sensor,['Mayki'],Mayki,SAIR_COMODO_5M,2024-12-04 23:30:30.048551,QUARTO
QUARTO_SENSOR_PRESENCA-002,dispcb84ddaedb893afc1d478e18a6a44419,0s9d8f9s0d8f0s9df8s0f8,"{'status': [{'code': 'presence_state', 'value': 'ON'}, {'code': 'human_motion_state', 'value': 'LARGER_MOVE'}]}",sensor,['Mayki'],Mayki,USAR_PC_NOITE_FIM_QUA,2024-12-04 23:35:30.676553,QUARTO
QUARTO_LAMPADA-001,dispf34127e9d687887832c76c7fed087a61,435a6fsdfsdfs879s9fs7,"{'status': [{'code': 'switch_led', 'value': 'ON'}, {'code': 'bright_value_v2', 'value': 1000}, {'code': 'temp_value_v2', 'value': 500}]}",atuador,['Mayki'],Mayki,USAR_PC_NOITE_FIM_QUA,2024-12-04 23:35:35.722757,QUARTO
QUARTO_LAMPADA-001,dispf34127e9d687887832c76c7fed087a61,435a6fsdfsdfs879s9fs7,"{'status': [{'code': 'switch_led', 'value': 'OFF'}, {'code': 'bright_value_v2', 'value': 1000}, {'code': 'temp_value_v2', 'value': 500}]}",atuador,['Mayki'],Mayki,USAR_PC_NOITE_FIM_QUA,2024-12-05 00:02:42.816243,QUARTO
QUARTO_PLUG_01-003,dispe3d457f8ccadfa505c7579f0d2a7f630,3s2d1f0sdf1sdf18s79sddf,"{'status': [{'code': 'switch_1', 'value': 'OFF'}]}",atuador,['Mayki'],Mayki,USAR_PC_NOITE_FIM_QUA,2024-12-05 00:03:02.354655,QUARTO
QUARTO_PLUG_02-004,disp4af167c9d4df8acd2894e2f77c7aec28,3s2d1f0sdf1sdf18s79sddf,"{'status': [{'code': 'switch_1', 'value': 'ON'}]}",atuador,['Mayki'],Mayki,DORMIR,2024-12-05 00:03:07.764007,QUARTO
QUARTO_SENSOR_PRESENCA-002,dispcb84ddaedb893afc1d478e18a6a44419,0s9d8f9s0d8f0s9df8s0f8,"{'status': [{'code': 'presence_state', 'value': 'OFF'}, {'code': 'human_motion_state', 'value': 'NONE'}]}",sensor,['Mayki'],Mayki,USAR_BANHEIRO,2024-12-05 06:03:31.441262,QUARTO
QUARTO_SENSOR_PRESENCA-002,dispcb84ddaedb893afc1d478e18a6a44419,0s9d8f9s0d8f0s9df8s0f8,"{'status': [{'code': 'presence_state', 'value': 'ON'}, {'code': 'human_motion_state', 'value': 'LARGER_MOVE'}]}",sensor,['Mayki'],Mayki,DORMIR_30M,2024-12-05 06:08:31.509414,QUARTO
QUARTO_PLUG_02-004,disp4af167c9d4df8acd2894e2f77c7aec28,3s2d1f0sdf1sdf18s79sddf,"{'status': [{'code': 'switch_1', 'value': 'OFF'}]}",atuador,['Mayki'],Mayki,DORMIR_30M_QUI,2024-12-05 08:16:06.755614,QUARTO
QUARTO_SENSOR_PRESENCA-002,dispcb84ddaedb893afc1d478e18a6a44419,0s9d8f9s0d8f0s9df8s0f8,"{'status': [{'code': 'presence_state', 'value': 'OFF'}, {'code': 'human_motion_state', 'value': 'NONE'}]}",sensor,['Mayki'],Mayki,DORMIR_30M_QUI,2024-12-05 08:16:06.514080,QUARTO
QUARTO_SENSOR_PRESENCA-002,dispcb84ddaedb893afc1d478e18a6a44419,0s9d8f9s0d8f0s9df8s0f8,"{'status': [{'code': 'presence_state', 'value': 'ON'}, {'code': 'human_motion_state', 'value': 'LARGER_MOVE'}]}",sensor,['Mayki'],Mayki,USAR_PC_MANHA_30M,2024-12-05 08:24:06.581347,QUARTO
QUARTO_PLUG_01-003,dispe3d457f8ccadfa505c7579f0d2a7f630,3s2d1f0sdf1sdf18s79sddf,"{'status': [{'code': 'switch_1', 'value': 'ON'}]}",atuador,['Mayki'],Mayki,USAR_PC_MANHA_30M,2024-12-05 08:24:11.360398,QUARTO
QUARTO_SENSOR_PRESENCA-002,dispcb84ddaedb893afc1d478e18a6a44419,0s9d8f9s0d8f0s9df8s0f8,"{'status': [{'code': 'presence_state', 'value': 'OFF'}, {'code': 'human_motion_state', 'value': 'NONE'}]}",sensor,['Mayki'],Mayki,IR_NA_VARANDA,2024-12-05 08:24:11.193194,QUARTO
QUARTO_SENSOR_PRESENCA-002,dispcb84ddaedb893afc1d478e18a6a44419,0s9d8f9s0d8f0s9df8s0f8,"{'status': [{'code': 'presence_state', 'value': 'ON'}, {'code': 'human_motion_state', 'value': 'LARGER_MOVE'}]}",sensor,['Mayki'],Mayki,USAR_PC_MANHA_30M,2024-12-05 08:34:11.435626,QUARTO
QUARTO_PLUG_01-003,dispe3d457f8ccadfa505c7579f0d2a7f630,3s2d1f0sdf1sdf18s79sddf,"{'status': [{'code': 'switch_1', 'value': 'OFF'}]}",atuador,['Mayki'],Mayki,USAR_PC_MANHA_30M,2024-12-05 08:57:28.548570,QUARTO
QUARTO_SENSOR_PRESENCA-002,dispcb84ddaedb893afc1d478e18a6a44419,0s9d8f9s0d8f0s9df8s0f8,"{'status': [{'code': 'presence_state', 'value': 'OFF'}, {'code': 'human_motion_state', 'value': 'NONE'}]}",sensor,['Mayki'],Mayki,FAZER_NADA_DIA,2024-12-05 09:08:01.389637,QUARTO
QUARTO_SENSOR_PRESENCA-002,dispcb84ddaedb893afc1d478e18a6a44419,0s9d8f9s0d8f0s9df8s0f8,"{'status': [{'code': 'presence_state', 'value': 'ON'}, {'code': 'human_motion_state', 'value': 'LARGER_MOVE'}]}",sensor,['Mayki'],Mayki,FAZER_NADA_NOITE,2024-12-05 18:38:34.697249,QUARTO
QUARTO_LAMPADA-001,dispf34127e9d687887832c76c7fed087a61,435a6fsdfsdfs879s9fs7,"{'status': [{'code': 'switch_led', 'value': 'ON'}, {'code': 'bright_value_v2', 'value': 1000}, {'code': 'temp_value_v2', 'value': 500}]}",atuador,['Mayki'],Mayki,FAZER_NADA_NOITE,2024-12-05 18:38:39.965210,QUARTO
QUARTO_PLUG_01-003,dispe3d457f8ccadfa505c7579f0d2a7f630,3s2d1f0sdf1sdf18s79sddf,"{'status': [{'code': 'switch_1', 'value': 'ON'}]}",atuador,['Mayki'],Mayki,USAR_PC_NOITE_QUI,2024-12-05 18:49:15.373399,QUARTO
QUARTO_LAMPADA-001,dispf34127e9d687887832c76c7fed087a61,435a6fsdfsdfs879s9fs7,"{'status': [{'code': 'switch_led', 'value': 'OFF'}, {'code': 'bright_value_v2', 'value': 1000}, {'code': 'temp_value_v2', 'value': 500}]}",atuador,['Mayki'],Mayki,SAIR_COMODO_5M,2024-12-05 21:19:07.553896,QUARTO
QUARTO_SENSOR_PRESENCA-002,dispcb84ddaedb893afc1d478e18a6a44419,0s9d8f9s0d8f0s9df8s0f8,"{'status': [{'code': 'presence_state', 'value': 'OFF'}, {'code': 'human_motion_state', 'value': 'NONE'}]}",sensor,['Mayki'],Mayki,SAIR_COMODO_5M,2024-12-05 21:19:07.267183,QUARTO
QUARTO_SENSOR_PRESENCA-002,dispcb84ddaedb893afc1d478e18a6a44419,0s9d8f9s0d8f0s9df8s0f8,"{'status': [{'code': 'presence_state', 'value': 'ON'}, {'code': 'human_motion_state', 'value': 'LARGER_MOVE'}]}",sensor,['Mayki'],Mayki,USAR_PC_NOITE_FIM_QUI,2024-12-05 21:24:07.856066,QUARTO
QUARTO_LAMPADA-001,dispf34127e9d687887832c76c7fed087a61,435a6fsdfsdfs879s9fs7,"{'status': [{'code': 'switch_led', 'value': 'ON'}, {'code': 'bright_value_v2', 'value': 1000}, {'code': 'temp_value_v2', 'value': 500}]}",atuador,['Mayki'],Mayki,USAR_PC_NOITE_FIM_QUI,2024-12-05 21:24:12.904200,QUARTO
QUARTO_LAMPADA-001,dispf34127e9d687887832c76c7fed087a61,435a6fsdfsdfs879s9fs7,"{'status': [{'code': 'switch_led', 'value': 'OFF'}, {'code': 'bright_value_v2', 'value': 1000}, {'code': 'temp_value_v2', 'value': 500}]}",atuador,['Mayki'],Mayki,BEBER_AGUA,2024-12-05 22:54:43.183285,QUARTO
QUARTO_SENSOR_PRESENCA-002,dispcb84ddaedb893afc1d478e18a6a44419,0s9d8f9s0d8f0s9df8s0f8,"{'status': [{'code': 'presence_state', 'value': 'OFF'}, {'code': 'human_motion_state', 'value': 'NONE'}]}",sensor,['Mayki'],Mayki,BEBER_AGUA,2024-12-05 22:54:43.839558,QUARTO
QUARTO_SENSOR_PRESENCA-002,dispcb84ddaedb893afc1d478e18a6a44419,0s9d8f9s0d8f0s9df8s0f8,"{'status': [{'code': 'presence_state', 'value': 'ON'}, {'code': 'human_motion_state', 'value': 'LARGER_MOVE'}]}",sensor,['Mayki'],Mayki,USAR_PC_NOITE_FIM_QUI,2024-12-05 23:00:43.851265,QUARTO
QUARTO_LAMPADA-001,dispf34127e9d687887832c76c7fed087a61,435a6fsdfsdfs879s9fs7,"{'status': [{'code': 'switch_led', 'value': 'ON'}, {'code': 'bright_value_v2', 'value': 1000}, {'code': 'temp_value_v2', 'value': 500}]}",atuador,['Mayki'],Mayki,USAR_PC_NOITE_FIM_QUI,2024-12-05 23:00:48.478275,QUARTO
QUARTO_LAMPADA-001,dispf34127e9d687887832c76c7fed087a61,435a6fsdfsdfs879s9fs7,"{'status': [{'code': 'switch_led', 'value': 'OFF'}, {'code': 'bright_value_v2', 'value': 1000}, {'code': 'temp_value_v2', 'value': 500}]}",atuador,['Mayki'],Mayki,IR_NA_VARANDA,2024-12-06 00:11:52.930589,QUARTO
QUARTO_SENSOR_PRESENCA-002,dispcb84ddaedb893afc1d478e18a6a44419,0s9d8f9s0d8f0s9df8s0f8,"{'status': [{'code': 'presence_state', 'value': 'OFF'}, {'code': 'human_motion_state', 'value': 'NONE'}]}",sensor,['Mayki'],Mayki,IR_NA_VARANDA,2024-12-06 00:11:52.529342,QUARTO
QUARTO_SENSOR_PRESENCA-002,dispcb84ddaedb893afc1d478e18a6a44419,0s9d8f9s0d8f0s9df8s0f8,"{'status': [{'code': 'presence_state', 'value': 'ON'}, {'code': 'human_motion_state', 'value': 'LARGER_MOVE'}]}",sensor,['Mayki'],Mayki,USAR_PC_MADRUGADA_INICIO_SEX,2024-12-06 00:21:52.042782,QUARTO
QUARTO_LAMPADA-001,dispf34127e9d687887832c76c7fed087a61,435a6fsdfsdfs879s9fs7,"{'status': [{'code': 'switch_led', 'value': 'ON'}, {'code': 'bright_value_v2', 'value': 1000}, {'code': 'temp_value_v2', 'value': 500}]}",atuador,['Mayki'],Mayki,USAR_PC_MADRUGADA_INICIO_SEX,2024-12-06 00:21:57.015904,QUARTO
QUARTO_LAMPADA-001,dispf34127e9d687887832c76c7fed087a61,435a6fsdfsdfs879s9fs7,"{'status': [{'code': 'switch_led', 'value': 'OFF'}, {'code': 'bright_value_v2', 'value': 1000}, {'code': 'temp_value_v2', 'value': 500}]}",atuador,['Mayki'],Mayki,USAR_PC_MADRUGADA_INICIO_SEX,2024-12-06 00:55:42.413176,QUARTO
QUARTO_PLUG_01-003,dispe3d457f8ccadfa505c7579f0d2a7f630,3s2d1f0sdf1sdf18s79sddf,"{'status': [{'code': 'switch_1', 'value': 'OFF'}]}",atuador,['Mayki'],Mayki,USAR_PC_MADRUGADA_INICIO_SEX,2024-12-06 00:56:31.232802,QUARTO
QUARTO_PLUG_02-004,disp4af167c9d4df8acd2894e2f77c7aec28,3s2d1f0sdf1sdf18s79sddf,"{'status': [{'code': 'switch_1', 'value': 'ON'}]}",atuador,['Mayki'],Mayki,DORMIR,2024-12-06 00:56:36.520547,QUARTO
QUARTO_PLUG_02-004,disp4af167c9d4df8acd2894e2f77c7aec28,3s2d1f0sdf1sdf18s79sddf,"{'status': [{'code': 'switch_1', 'value': 'OFF'}]}",atuador,['Mayki'],Mayki,DORMIR_30M,2024-12-06 08:37:20.750392,QUARTO
QUARTO_SENSOR_PRESENCA-002,dispcb84ddaedb893afc1d478e18a6a44419,0s9d8f9s0d8f0s9df8s0f8,"{'status': [{'code': 'presence_state', 'value': 'OFF'}, {'code': 'human_motion_state', 'value': 'NONE'}]}",sensor,['Mayki'],Mayki,DORMIR_30M,2024-12-06 08:37:20.642898,QUARTO
QUARTO_SENSOR_PRESENCA-002,dispcb84ddaedb893afc1d478e18a6a44419,0s9d8f9s0d8f0s9df8s0f8,"{'status': [{'code': 'presence_state', 'value': 'ON'}, {'code': 'human_motion_state', 'value': 'LARGER_MOVE'}]}",sensor,['Mayki'],Mayki,FAZER_NADA_DIA,2024-12-06 08:45:20.339956,QUARTO
QUARTO_SENSOR_PRESENCA-002,dispcb84ddaedb893afc1d478e18a6a44419,0s9d8f9s0d8f0s9df8s0f8,"{'status': [{'code': 'presence_state', 'value': 'OFF'}, {'code': 'human_motion_state', 'value': 'NONE'}]}",sensor,['Mayki'],Mayki,FAZER_NADA_DIA,2024-12-06 09:07:25.690632,QUARTO
QUARTO_SENSOR_PRESENCA-002,dispcb84ddaedb893afc1d478e18a6a44419,0s9d8f9s0d8f0s9df8s0f8,"{'status': [{'code': 'presence_state', 'value': 'ON'}, {'code': 'human_motion_state', 'value': 'LARGER_MOVE'}]}",sensor,['Mayki'],Mayki,FAZER_NADA_NOITE,2024-12-06 17:15:13.526781,QUARTO
QUARTO_LAMPADA-001,dispf34127e9d687887832c76c7fed087a61,435a6fsdfsdfs879s9fs7,"{'status': [{'code': 'switch_led', 'value': 'ON'}, {'code': 'bright_value_v2', 'value': 1000}, {'code': 'temp_value_v2', 'value': 500}]}",atuador,['Mayki'],Mayki,FAZER_NADA_NOITE,2024-12-06 17:15:18.278640,QUARTO
QUARTO_PLUG_01-003,dispe3d457f8ccadfa505c7579f0d2a7f630,3s2d1f0sdf1sdf18s79sddf,"{'status': [{'code': 'switch_1', 'value': 'ON'}]}",atuador,['Mayki'],Mayki,USAR_PC_NOITE_VAZIO,2024-12-06 17:25:41.297665,QUARTO
QUARTO_LAMPADA-001,dispf34127e9d687887832c76c7fed087a61,435a6fsdfsdfs879s9fs7,"{'status': [{'code': 'switch_led', 'value': 'OFF'}, {'code': 'bright_value_v2', 'value': 1000}, {'code': 'temp_value_v2', 'value': 500}]}",atuador,['Mayki'],Mayki,USAR_PC_NOITE_VAZIO,2024-12-06 19:41:20.891023,QUARTO
QUARTO_PLUG_01-003,dispe3d457f8ccadfa505c7579f0d2a7f630,3s2d1f0sdf1sdf18s79sddf,"{'status': [{'code': 'switch_1', 'value': 'OFF'}]}",atuador,['Mayki'],Mayki,USAR_PC_NOITE_VAZIO,2024-12-06 19:41:57.364129,QUARTO
QUARTO_PLUG_02-004,disp4af167c9d4df8acd2894e2f77c7aec28,3s2d1f0sdf1sdf18s79sddf,"{'status': [{'code': 'switch_1', 'value': 'ON'}]}",atuador,['Mayki'],Mayki,DORMIR_NOITE_FIM,2024-12-06 19:42:02.422608,QUARTO
QUARTO_PLUG_02-004,disp4af167c9d4df8acd2894e2f77c7aec28,3s2d1f0sdf1sdf18s79sddf,"{'status': [{'code': 'switch_1', 'value': 'OFF'}]}",atuador,['Mayki'],Mayki,DORMIR_NOITE_FIM,2024-12-07 00:00:37.073983,QUARTO
QUARTO_LAMPADA-001,dispf34127e9d687887832c76c7fed087a61,435a6fsdfsdfs879s9fs7,"{'status': [{'code': 'switch_led', 'value': 'ON'}, {'code': 'bright_value_v2', 'value': 1000}, {'code': 'temp_value_v2', 'value': 500}]}",atuador,['Mayki'],Mayki,USAR_PC_MADRUGADA_INICIO_30M,2024-12-07 00:01:05.053395,QUARTO
QUARTO_PLUG_01-003,dispe3d457f8ccadfa505c7579f0d2a7f630,3s2d1f0sdf1sdf18s79sddf,"{'status': [{'code': 'switch_1', 'value': 'ON'}]}",atuador,['Mayki'],Mayki,USAR_PC_MADRUGADA_INICIO_30M,2024-12-07 00:01:10.024965,QUARTO
QUARTO_LAMPADA-001,dispf34127e9d687887832c76c7fed087a61,435a6fsdfsdfs879s9fs7,"{'status': [{'code': 'switch_led', 'value': 'OFF'}, {'code': 'bright_value_v2', 'value': 1000}, {'code': 'temp_value_v2', 'value': 500}]}",atuador,['Mayki'],Mayki,USAR_PC_MADRUGADA_INICIO_30M,2024-12-07 01:06:50.956882,QUARTO
QUARTO_PLUG_01-003,dispe3d457f8ccadfa505c7579f0d2a7f630,3s2d1f0sdf1sdf18s79sddf,"{'status': [{'code': 'switch_1', 'value': 'OFF'}]}",atuador,['Mayki'],Mayki,USAR_PC_MADRUGADA_INICIO_30M,2024-12-07 01:07:30.769226,QUARTO
QUARTO_PLUG_02-004,disp4af167c9d4df8acd2894e2f77c7aec28,3s2d1f0sdf1sdf18s79sddf,"{'status': [{'code': 'switch_1', 'value': 'ON'}]}",atuador,['Mayki'],Mayki,DORMIR_FIM_SEM,2024-12-07 01:07:35.090219,QUARTO
QUARTO_PLUG_02-004,disp4af167c9d4df8acd2894e2f77c7aec28,3s2d1f0sdf1sdf18s79sddf,"{'status': [{'code': 'switch_1', 'value': 'OFF'}]}",atuador,['Mayki'],Mayki,DORMIR_FIM_SEM,2024-12-07 09:35:14.998450,QUARTO
QUARTO_SENSOR_PRESENCA-002,dispcb84ddaedb893afc1d478e18a6a44419,0s9d8f9s0d8f0s9df8s0f8,"{'status': [{'code': 'presence_state', 'value': 'OFF'}, {'code': 'human_motion_state', 'value': 'NONE'}]}",sensor,['Mayki'],Mayki,DORMIR_FIM_SEM,2024-12-07 09:35:14.534403,QUARTO
QUARTO_SENSOR_PRESENCA-002,dispcb84ddaedb893afc1d478e18a6a44419,0s9d8f9s0d8f0s9df8s0f8,"{'status': [{'code': 'presence_state', 'value': 'ON'}, {'code': 'human_motion_state', 'value': 'LARGER_MOVE'}]}",sensor,['Mayki'],Mayki,USAR_PC_MANHA,2024-12-07 09:43:14.900854,QUARTO
QUARTO_PLUG_01-003,dispe3d457f8ccadfa505c7579f0d2a7f630,3s2d1f0sdf1sdf18s79sddf,"{'status': [{'code': 'switch_1', 'value': 'ON'}]}",atuador,['Mayki'],Mayki,USAR_PC_MANHA,2024-12-07 09:43:19.406581,QUARTO
QUARTO_SENSOR_PRESENCA-002,dispcb84ddaedb893afc1d478e18a6a44419,0s9d8f9s0d8f0s9df8s0f8,"{'status': [{'code': 'presence_state', 'value': 'OFF'}, {'code': 'human_motion_state', 'value': 'NONE'}]}",sensor,['Mayki'],Mayki,IR_NA_VARANDA,2024-12-07 09:43:19.145329,QUARTO
QUARTO_SENSOR_PRESENCA-002,dispcb84ddaedb893afc1d478e18a6a44419,0s9d8f9s0d8f0s9df8s0f8,"{'status': [{'code': 'presence_state', 'value': 'ON'}, {'code': 'human_motion_state', 'value': 'LARGER_MOVE'}]}",sensor,['Mayki'],Mayki,USAR_PC_MANHA,2024-12-07 09:53:19.559943,QUARTO
QUARTO_SENSOR_PRESENCA-002,dispcb84ddaedb893afc1d478e18a6a44419,0s9d8f9s0d8f0s9df8s0f8,"{'status': [{'code': 'presence_state', 'value': 'OFF'}, {'code': 'human_motion_state', 'value': 'NONE'}]}",sensor,['Mayki'],Mayki,IR_NA_VARANDA,2024-12-07 10:44:38.470503,QUARTO
QUARTO_SENSOR_PRESENCA-002,dispcb84ddaedb893afc1d478e18a6a44419,0s9d8f9s0d8f0s9df8s0f8,"{'status': [{'code': 'presence_state', 'value': 'ON'}, {'code': 'human_motion_state', 'value': 'LARGER_MOVE'}]}",sensor,['Mayki'],Mayki,USAR_PC_MANHA,2024-12-07 10:54:38.913261,QUARTO
QUARTO_SENSOR_PRESENCA-002,dispcb84ddaedb893afc1d478e18a6a44419,0s9d8f9s0d8f0s9df8s0f8,"{'status': [{'code': 'presence_state', 'value': 'OFF'}, {'code': 'human_motion_state', 'value': 'NONE'}]}",sensor,['Mayki'],Mayki,IR_NA_VARANDA,2024-12-07 10:54:38.496131,QUARTO
QUARTO_SENSOR_PRESENCA-002,dispcb84ddaedb893afc1d478e18a6a44419,0s9d8f9s0d8f0s9df8s0f8,"{'status': [{'code': 'presence_state', 'value': 'ON'}, {'code': 'human_motion_state', 'value': 'LARGER_MOVE'}]}",sensor,['Mayki'],Mayki,USAR_PC_MANHA,2024-12-07 11:04:38.845149,QUARTO
QUARTO_PLUG_01-003,dispe3d457f8ccadfa505c7579f0d2a7f630,3s2d1f0sdf1sdf18s79sddf,"{'status': [{'code': 'switch_1', 'value': 'OFF'}]}",atuador,['Mayki'],Mayki,USAR_PC_MANHA,2024-12-07 11:46:42.601195,QUARTO
QUARTO_SENSOR_PRESENCA-002,dispcb84ddaedb893afc1d478e18a6a44419,0s9d8f9s0d8f0s9df8s0f8,"{'status': [{'code': 'presence_state', 'value': 'OFF'}, {'code': 'human_motion_state', 'value': 'NONE'}]}",sensor,['Mayki'],Mayki,USAR_PC_MANHA,2024-12-07 11:46:42.901695,QUARTO
QUARTO_SENSOR_PRESENCA-002,dispcb84ddaedb893afc1d478e18a6a44419,0s9d8f9s0d8f0s9df8s0f8,"{'status': [{'code': 'presence_state', 'value': 'ON'}, {'code': 'human_motion_state', 'value': 'LARGER_MOVE'}]}",sensor,['Mayki'],Mayki,USAR_PC_MANHA,2024-12-07 12:49:24.729544,QUARTO
QUARTO_PLUG_01-003,dispe3d457f8ccadfa505c7579f0d2a7f630,3s2d1f0sdf1sdf18s79sddf,"{'status': [{'code': 'switch_1', 'value': 'ON'}]}",atuador,['Mayki'],Mayki,USAR_PC_MANHA,2024-12-07 12:49:29.504300,QUARTO
QUARTO_SENSOR_PRESENCA-002,dispcb84ddaedb893afc1d478e18a6a44419,0s9d8f9s0d8f0s9df8s0f8,"{'status': [{'code': 'presence_state', 'value': 'OFF'}, {'code': 'human_motion_state', 'value': 'NONE'}]}",sensor,['Mayki'],Mayki,USAR_BANHEIRO,2024-12-07 12:59:29.564216,QUARTO
QUARTO_SENSOR_PRESENCA-002,dispcb84ddaedb893afc1d478e18a6a44419,0s9d8f9s0d8f0s9df8s0f8,"{'status': [{'code': 'presence_state', 'value': 'ON'}, {'code': 'human_motion_state', 'value': 'LARGER_MOVE'}]}",sensor,['Mayki'],Mayki,USAR_PC_MANHA,2024-12-07 13:04:29.472230,QUARTO
QUARTO_PLUG_01-003,dispe3d457f8ccadfa505c7579f0d2a7f630,3s2d1f0sdf1sdf18s79sddf,"{'status': [{'code': 'switch_1', 'value': 'OFF'}]}",atuador,['Mayki'],Mayki,USAR_PC_MANHA,2024-12-07 13:53:52.752999,QUARTO
QUARTO_SENSOR_PRESENCA-002,dispcb84ddaedb893afc1d478e18a6a44419,0s9d8f9s0d8f0s9df8s0f8,"{'status': [{'code': 'presence_state', 'value': 'OFF'}, {'code': 'human_motion_state', 'value': 'NONE'}]}",sensor,['Mayki'],Mayki,USAR_PC_MANHA,2024-12-07 13:53:52.344401,QUARTO
QUARTO_SENSOR_PRESENCA-002,dispcb84ddaedb893afc1d478e18a6a44419,0s9d8f9s0d8f0s9df8s0f8,"{'status': [{'code': 'presence_state', 'value': 'ON'}, {'code': 'human_motion_state', 'value': 'LARGER_MOVE'}]}",sensor,['Mayki'],Mayki,USAR_PC_MANHA,2024-12-07 16:40:46.637877,QUARTO
QUARTO_PLUG_01-003,dispe3d457f8ccadfa505c7579f0d2a7f630,3s2d1f0sdf1sdf18s79sddf,"{'status': [{'code': 'switch_1', 'value': 'ON'}]}",atuador,['Mayki'],Mayki,USAR_PC_MANHA,2024-12-07 16:40:51.801010,QUARTO
QUARTO_SENSOR_PRESENCA-002,dispcb84ddaedb893afc1d478e18a6a44419,0s9d8f9s0d8f0s9df8s0f8,"{'status': [{'code': 'presence_state', 'value': 'OFF'}, {'code': 'human_motion_state', 'value': 'NONE'}]}",sensor,['Mayki'],Mayki,IR_NA_VARANDA,2024-12-07 17:10:51.910383,QUARTO
QUARTO_SENSOR_PRESENCA-002,dispcb84ddaedb893afc1d478e18a6a44419,0s9d8f9s0d8f0s9df8s0f8,"{'status': [{'code': 'presence_state', 'value': 'ON'}, {'code': 'human_motion_state', 'value': 'LARGER_MOVE'}]}",sensor,['Mayki'],Mayki,USAR_PC_MANHA,2024-12-07 17:20:51.713568,QUARTO
QUARTO_SENSOR_PRESENCA-002,dispcb84ddaedb893afc1d478e18a6a44419,0s9d8f9s0d8f0s9df8s0f8,"{'status': [{'code': 'presence_state', 'value': 'OFF'}, {'code': 'human_motion_state', 'value': 'NONE'}]}",sensor,['Mayki'],Mayki,IR_NA_VARANDA,2024-12-07 17:30:51.446675,QUARTO
QUARTO_SENSOR_PRESENCA-002,dispcb84ddaedb893afc1d478e18a6a44419,0s9d8f9s0d8f0s9df8s0f8,"{'status': [{'code': 'presence_state', 'value': 'ON'}, {'code': 'human_motion_state', 'value': 'LARGER_MOVE'}]}",sensor,['Mayki'],Mayki,USAR_PC_MANHA,2024-12-07 17:40:51.475540,QUARTO
QUARTO_LAMPADA-001,dispf34127e9d687887832c76c7fed087a61,435a6fsdfsdfs879s9fs7,"{'status': [{'code': 'switch_led', 'value': 'ON'}, {'code': 'bright_value_v2', 'value': 1000}, {'code': 'temp_value_v2', 'value': 500}]}",atuador,['Mayki'],Mayki,USAR_PC_NOITE,2024-12-07 17:44:48.161675,QUARTO
QUARTO_LAMPADA-001,dispf34127e9d687887832c76c7fed087a61,435a6fsdfsdfs879s9fs7,"{'status': [{'code': 'switch_led', 'value': 'OFF'}, {'code': 'bright_value_v2', 'value': 1000}, {'code': 'temp_value_v2', 'value': 500}]}",atuador,['Mayki'],Mayki,IR_NA_VARANDA,2024-12-07 18:25:39.340089,QUARTO
QUARTO_SENSOR_PRESENCA-002,dispcb84ddaedb893afc1d478e18a6a44419,0s9d8f9s0d8f0s9df8s0f8,"{'status': [{'code': 'presence_state', 'value': 'OFF'}, {'code': 'human_motion_state', 'value': 'NONE'}]}",sensor,['Mayki'],Mayki,IR_NA_VARANDA,2024-12-07 18:25:39.431166,QUARTO
QUARTO_SENSOR_PRESENCA-002,dispcb84ddaedb893afc1d478e18a6a44419,0s9d8f9s0d8f0s9df8s0f8,"{'status': [{'code': 'presence_state', 'value': 'ON'}, {'code': 'human_motion_state', 'value': 'LARGER_MOVE'}]}",sensor,['Mayki'],Mayki,USAR_PC_NOITE,2024-12-07 18:35:39.745747,QUARTO
QUARTO_LAMPADA-001,dispf34127e9d687887832c76c7fed087a61,435a6fsdfsdfs879s9fs7,"{'status': [{'code': 'switch_led', 'value': 'ON'}, {'code': 'bright_value_v2', 'value': 1000}, {'code': 'temp_value_v2', 'value': 500}]}",atuador,['Mayki'],Mayki,USAR_PC_NOITE,2024-12-07 18:35:44.818226,QUARTO
QUARTO_LAMPADA-001,dispf34127e9d687887832c76c7fed087a61,435a6fsdfsdfs879s9fs7,"{'status': [{'code': 'switch_led', 'value': 'OFF'}, {'code': 'bright_value_v2', 'value': 1000}, {'code': 'temp_value_v2', 'value': 500}]}",atuador,['Mayki'],Mayki,BEBER_AGUA,2024-12-08 00:48:43.542013,QUARTO
QUARTO_SENSOR_PRESENCA-002,dispcb84ddaedb893afc1d478e18a6a44419,0s9d8f9s0d8f0s9df8s0f8,"{'status': [{'code': 'presence_state', 'value': 'OFF'}, {'code': 'human_motion_state', 'value': 'NONE'}]}",sensor,['Mayki'],Mayki,BEBER_AGUA,2024-12-08 00:48:43.644917,QUARTO
QUARTO_SENSOR_PRESENCA-002,dispcb84ddaedb893afc1d478e18a6a44419,0s9d8f9s0d8f0s9df8s0f8,"{'status': [{'code': 'presence_state', 'value': 'ON'}, {'code': 'human_motion_state', 'value': 'LARGER_MOVE'}]}",sensor,['Mayki'],Mayki,USAR_PC_MADRUGADA_INICIO_DOM,2024-12-08 00:54:43.845566,QUARTO
QUARTO_LAMPADA-001,dispf34127e9d687887832c76c7fed087a61,435a6fsdfsdfs879s9fs7,"{'status': [{'code': 'switch_led', 'value': 'ON'}, {'code': 'bright_value_v2', 'value': 1000}, {'code': 'temp_value_v2', 'value': 500}]}",atuador,['Mayki'],Mayki,USAR_PC_MADRUGADA_INICIO_DOM,2024-12-08 00:54:48.402123,QUARTO
QUARTO_LAMPADA-001,dispf34127e9d687887832c76c7fed087a61,435a6fsdfsdfs879s9fs7,"{'status': [{'code': 'switch_led', 'value': 'OFF'}, {'code': 'bright_value_v2', 'value': 1000}, {'code': 'temp_value_v2', 'value': 500}]}",atuador,['Mayki'],Mayki,IR_NA_VARANDA,2024-12-08 01:15:39.807393,QUARTO
QUARTO_SENSOR_PRESENCA-002,dispcb84ddaedb893afc1d478e18a6a44419,0s9d8f9s0d8f0s9df8s0f8,"{'status': [{'code': 'presence_state', 'value': 'OFF'}, {'code': 'human_motion_state', 'value': 'NONE'}]}",sensor,['Mayki'],Mayki,IR_NA_VARANDA,2024-12-08 01:15:39.352396,QUARTO
QUARTO_SENSOR_PRESENCA-002,dispcb84ddaedb893afc1d478e18a6a44419,0s9d8f9s0d8f0s9df8s0f8,"{'status': [{'code': 'presence_state', 'value': 'ON'}, {'code': 'human_motion_state', 'value': 'LARGER_MOVE'}]}",sensor,['Mayki'],Mayki,USAR_PC_MADRUGADA_INICIO_DOM,2024-12-08 01:25:39.987762,QUARTO
QUARTO_LAMPADA-001,dispf34127e9d687887832c76c7fed087a61,435a6fsdfsdfs879s9fs7,"{'status': [{'code': 'switch_led', 'value': 'ON'}, {'code': 'bright_value_v2', 'value': 1000}, {'code': 'temp_value_v2', 'value': 500}]}",atuador,['Mayki'],Mayki,USAR_PC_MADRUGADA_INICIO_DOM,2024-12-08 01:25:44.752432,QUARTO
QUARTO_LAMPADA-001,dispf34127e9d687887832c76c7fed087a61,435a6fsdfsdfs879s9fs7,"{'status': [{'code': 'switch_led', 'value': 'OFF'}, {'code': 'bright_value_v2', 'value': 1000}, {'code': 'temp_value_v2', 'value': 500}]}",atuador,['Mayki'],Mayki,USAR_PC_MADRUGADA_INICIO_DOM,2024-12-08 01:32:27.450089,QUARTO
QUARTO_PLUG_01-003,dispe3d457f8ccadfa505c7579f0d2a7f630,3s2d1f0sdf1sdf18s79sddf,"{'status': [{'code': 'switch_1', 'value': 'OFF'}]}",atuador,['Mayki'],Mayki,USAR_PC_MADRUGADA_INICIO_DOM,2024-12-08 01:33:01.513064,QUARTO
QUARTO_PLUG_02-004,disp4af167c9d4df8acd2894e2f77c7aec28,3s2d1f0sdf1sdf18s79sddf,"{'status': [{'code': 'switch_1', 'value': 'ON'}]}",atuador,['Mayki'],Mayki,DORMIR_FIM_SEM,2024-12-08 01:33:06.231812,QUARTO
QUARTO_PLUG_02-004,disp4af167c9d4df8acd2894e2f77c7aec28,3s2d1f0sdf1sdf18s79sddf,"{'status': [{'code': 'switch_1', 'value': 'OFF'}]}",atuador,['Mayki'],Mayki,DORMIR_FIM_SEM,2024-12-08 10:17:35.441790,QUARTO
QUARTO_SENSOR_PRESENCA-002,dispcb84ddaedb893afc1d478e18a6a44419,0s9d8f9s0d8f0s9df8s0f8,"{'status': [{'code': 'presence_state', 'value': 'OFF'}, {'code': 'human_motion_state', 'value': 'NONE'}]}",sensor,['Mayki'],Mayki,DORMIR_FIM_SEM,2024-12-08 10:17:35.504182,QUARTO
QUARTO_SENSOR_PRESENCA-002,dispcb84ddaedb893afc1d478e18a6a44419,0s9d8f9s0d8f0s9df8s0f8,"{'status': [{'code': 'presence_state', 'value': 'ON'}, {'code': 'human_motion_state', 'value': 'LARGER_MOVE'}]}",sensor,['Mayki'],Mayki,USAR_PC_MANHA_FIM_SEM,2024-12-08 10:25:35.032730,QUARTO
QUARTO_PLUG_01-003,dispe3d457f8ccadfa505c7579f0d2a7f630,3s2d1f0sdf1sdf18s79sddf,"{'status': [{'code': 'switch_1', 'value': 'ON'}]}",atuador,['Mayki'],Mayki,USAR_PC_MANHA_FIM_SEM,2024-12-08 10:25:40.505437,QUARTO
QUARTO_PLUG_01-003,dispe3d457f8ccadfa505c7579f0d2a7f630,3s2d1f0sdf1sdf18s79sddf,"{'status': [{'code': 'switch_1', 'value': 'OFF'}]}",atuador,['Mayki'],Mayki,USAR_PC_MANHA_FIM_SEM,2024-12-08 11:46:45.945314,QUARTO
QUARTO_SENSOR_PRESENCA-002,dispcb84ddaedb893afc1d478e18a6a44419,0s9d8f9s0d8f0s9df8s0f8,"{'status': [{'code': 'presence_state', 'value': 'OFF'}, {'code': 'human_motion_state', 'value': 'NONE'}]}",sensor,['Mayki'],Mayki,USAR_PC_MANHA_FIM_SEM,2024-12-08 11:46:45.429604,QUARTO
QUARTO_SENSOR_PRESENCA-002,dispcb84ddaedb893afc1d478e18a6a44419,0s9d8f9s0d8f0s9df8s0f8,"{'status': [{'code': 'presence_state', 'value': 'ON'}, {'code': 'human_motion_state', 'value': 'LARGER_MOVE'}]}",sensor,['Mayki'],Mayki,USAR_PC_NOITE_FIM_SEM,2024-12-08 18:39:14.545291,QUARTO
QUARTO_LAMPADA-001,dispf34127e9d687887832c76c7fed087a61,435a6fsdfsdfs879s9fs7,"{'status': [{'code': 'switch_led', 'value': 'ON'}, {'code': 'bright_value_v2', 'value': 1000}, {'code': 'temp_value_v2', 'value': 500}]}",atuador,['Mayki'],Mayki,USAR_PC_NOITE_FIM_SEM,2024-12-08 18:39:19.642790,QUARTO
QUARTO_PLUG_01-003,dispe3d457f8ccadfa505c7579f0d2a7f630,3s2d1f0sdf1sdf18s79sddf,"{'status': [{'code': 'switch_1', 'value': 'ON'}]}",atuador,['Mayki'],Mayki,USAR_PC_NOITE_FIM_SEM,2024-12-08 18:39:24.686049,QUARTO
QUARTO_LAMPADA-001,dispf34127e9d687887832c76c7fed087a61,435a6fsdfsdfs879s9fs7,"{'status': [{'code': 'switch_led', 'value': 'OFF'}, {'code': 'bright_value_v2', 'value': 1000}, {'code': 'temp_value_v2', 'value': 500}]}",atuador,['Mayki'],Mayki,BEBER_AGUA,2024-12-08 21:48:45.050494,QUARTO
QUARTO_SENSOR_PRESENCA-002,dispcb84ddaedb893afc1d478e18a6a44419,0s9d8f9s0d8f0s9df8s0f8,"{'status': [{'code': 'presence_state', 'value': 'OFF'}, {'code': 'human_motion_state', 'value': 'NONE'}]}",sensor,['Mayki'],Mayki,BEBER_AGUA,2024-12-08 21:48:45.031353,QUARTO
QUARTO_SENSOR_PRESENCA-002,dispcb84ddaedb893afc1d478e18a6a44419,0s9d8f9s0d8f0s9df8s0f8,"{'status': [{'code': 'presence_state', 'value': 'ON'}, {'code': 'human_motion_state', 'value': 'LARGER_MOVE'}]}",sensor,['Mayki'],Mayki,USAR_PC_NOITE_FIM_SEM,2024-12-08 21:54:45.079639,QUARTO
QUARTO_LAMPADA-001,dispf34127e9d687887832c76c7fed087a61,435a6fsdfsdfs879s9fs7,"{'status': [{'code': 'switch_led', 'value': 'ON'}, {'code': 'bright_value_v2', 'value': 1000}, {'code': 'temp_value_v2', 'value': 500}]}",atuador,['Mayki'],Mayki,USAR_PC_NOITE_FIM_SEM,2024-12-08 21:54:50.389085,QUARTO
QUARTO_LAMPADA-001,dispf34127e9d687887832c76c7fed087a61,435a6fsdfsdfs879s9fs7,"{'status': [{'code': 'switch_led', 'value': 'OFF'}, {'code': 'bright_value_v2', 'value': 1000}, {'code': 'temp_value_v2', 'value': 500}]}",atuador,['Mayki'],Mayki,IR_NA_VARANDA,2024-12-08 21:55:38.144205,QUARTO
QUARTO_SENSOR_PRESENCA-002,dispcb84ddaedb893afc1d478e18a6a44419,0s9d8f9s0d8f0s9df8s0f8,"{'status': [{'code': 'presence_state', 'value': 'OFF'}, {'code': 'human_motion_state', 'value': 'NONE'}]}",sensor,['Mayki'],Mayki,IR_NA_VARANDA,2024-12-08 21:55:38.166668,QUARTO
QUARTO_SENSOR_PRESENCA-002,dispcb84ddaedb893afc1d478e18a6a44419,0s9d8f9s0d8f0s9df8s0f8,"{'status': [{'code': 'presence_state', 'value': 'ON'}, {'code': 'human_motion_state', 'value': 'LARGER_MOVE'}]}",sensor,['Mayki'],Mayki,USAR_PC_NOITE_FIM_SEM,2024-12-08 22:05:38.773563,QUARTO
QUARTO_LAMPADA-001,dispf34127e9d687887832c76c7fed087a61,435a6fsdfsdfs879s9fs7,"{'status': [{'code': 'switch_led', 'value': 'ON'}, {'code': 'bright_value_v2', 'value': 1000}, {'code': 'temp_value_v2', 'value': 500}]}",atuador,['Mayki'],Mayki,USAR_PC_NOITE_FIM_SEM,2024-12-08 22:05:43.819938,QUARTO
QUARTO_LAMPADA-001,dispf34127e9d687887832c76c7fed087a61,435a6fsdfsdfs879s9fs7,"{'status': [{'code': 'switch_led', 'value': 'OFF'}, {'code': 'bright_value_v2', 'value': 1000}, {'code': 'temp_value_v2', 'value': 500}]}",atuador,['Mayki'],Mayki,USAR_PC_NOITE_FIM_SEM,2024-12-08 22:26:41.056035,QUARTO
QUARTO_PLUG_01-003,dispe3d457f8ccadfa505c7579f0d2a7f630,3s2d1f0sdf1sdf18s79sddf,"{'status': [{'code': 'switch_1', 'value': 'OFF'}]}",atuador,['Mayki'],Mayki,USAR_PC_NOITE_FIM_SEM,2024-12-08 22:27:18.200549,QUARTO
QUARTO_SENSOR_PRESENCA-002,dispcb84ddaedb893afc1d478e18a6a44419,0s9d8f9s0d8f0s9df8s0f8,"{'status': [{'code': 'presence_state', 'value': 'OFF'}, {'code': 'human_motion_state', 'value': 'NONE'}]}",sensor,['Mayki'],Mayki,USAR_PC_NOITE_FIM_SEM,2024-12-08 22:27:18.986970,QUARTO
QUARTO_SENSOR_PRESENCA-002,dispcb84ddaedb893afc1d478e18a6a44419,0s9d8f9s0d8f0s9df8s0f8,"{'status': [{'code': 'presence_state', 'value': 'ON'}, {'code': 'human_motion_state', 'value': 'LARGER_MOVE'}]}",sensor,['Mayki'],Mayki,USAR_PC_NOITE_FIM_DOM,2024-12-08 22:38:11.423994,QUARTO
QUARTO_LAMPADA-001,dispf34127e9d687887832c76c7fed087a61,435a6fsdfsdfs879s9fs7,"{'status': [{'code': 'switch_led', 'value': 'ON'}, {'code': 'bright_value_v2', 'value': 1000}, {'code': 'temp_value_v2', 'value': 500}]}",atuador,['Mayki'],Mayki,USAR_PC_NOITE_FIM_DOM,2024-12-08 22:38:16.966326,QUARTO
QUARTO_PLUG_01-003,dispe3d457f8ccadfa505c7579f0d2a7f630,3s2d1f0sdf1sdf18s79sddf,"{'status': [{'code': 'switch_1', 'value': 'ON'}]}",atuador,['Mayki'],Mayki,USAR_PC_NOITE_FIM_DOM,2024-12-08 22:38:21.982209,QUARTO
QUARTO_LAMPADA-001,dispf34127e9d687887832c76c7fed087a61,435a6fsdfsdfs879s9fs7,"{'status': [{'code': 'switch_led', 'value': 'OFF'}, {'code': 'bright_value_v2', 'value': 1000}, {'code': 'temp_value_v2', 'value': 500}]}",atuador,['Mayki'],Mayki,IR_NA_VARANDA,2024-12-08 22:39:19.393026,QUARTO
QUARTO_SENSOR_PRESENCA-002,dispcb84ddaedb893afc1d478e18a6a44419,0s9d8f9s0d8f0s9df8s0f8,"{'status': [{'code': 'presence_state', 'value': 'OFF'}, {'code': 'human_motion_state', 'value': 'NONE'}]}",sensor,['Mayki'],Mayki,IR_NA_VARANDA,2024-12-08 22:39:19.776867,QUARTO
QUARTO_SENSOR_PRESENCA-002,dispcb84ddaedb893afc1d478e18a6a44419,0s9d8f9s0d8f0s9df8s0f8,"{'status': [{'code': 'presence_state', 'value': 'ON'}, {'code': 'human_motion_state', 'value': 'LARGER_MOVE'}]}",sensor,['Mayki'],Mayki,USAR_PC_NOITE_FIM_DOM,2024-12-08 22:49:19.622912,QUARTO
QUARTO_LAMPADA-001,dispf34127e9d687887832c76c7fed087a61,435a6fsdfsdfs879s9fs7,"{'status': [{'code': 'switch_led', 'value': 'ON'}, {'code': 'bright_value_v2', 'value': 1000}, {'code': 'temp_value_v2', 'value': 500}]}",atuador,['Mayki'],Mayki,USAR_PC_NOITE_FIM_DOM,2024-12-08 22:49:24.914451,QUARTO
QUARTO_LAMPADA-001,dispf34127e9d687887832c76c7fed087a61,435a6fsdfsdfs879s9fs7,"{'status': [{'code': 'switch_led', 'value': 'OFF'}, {'code': 'bright_value_v2', 'value': 1000}, {'code': 'temp_value_v2', 'value': 500}]}",atuador,['Mayki'],Mayki,IR_NA_VARANDA,2024-12-08 23:19:53.311753,QUARTO
QUARTO_SENSOR_PRESENCA-002,dispcb84ddaedb893afc1d478e18a6a44419,0s9d8f9s0d8f0s9df8s0f8,"{'status': [{'code': 'presence_state', 'value': 'OFF'}, {'code': 'human_motion_state', 'value': 'NONE'}]}",sensor,['Mayki'],Mayki,IR_NA_VARANDA,2024-12-08 23:19:53.846159,QUARTO
QUARTO_SENSOR_PRESENCA-002,dispcb84ddaedb893afc1d478e18a6a44419,0s9d8f9s0d8f0s9df8s0f8,"{'status': [{'code': 'presence_state', 'value': 'ON'}, {'code': 'human_motion_state', 'value': 'LARGER_MOVE'}]}",sensor,['Mayki'],Mayki,USAR_PC_NOITE_FIM_DOM,2024-12-08 23:29:53.322580,QUARTO
QUARTO_LAMPADA-001,dispf34127e9d687887832c76c7fed087a61,435a6fsdfsdfs879s9fs7,"{'status': [{'code': 'switch_led', 'value': 'ON'}, {'code': 'bright_value_v2', 'value': 1000}, {'code': 'temp_value_v2', 'value': 500}]}",atuador,['Mayki'],Mayki,USAR_PC_NOITE_FIM_DOM,2024-12-08 23:29:58.154122,QUARTO
QUARTO_LAMPADA-001,dispf34127e9d687887832c76c7fed087a61,435a6fsdfsdfs879s9fs7,"{'status': [{'code': 'switch_led', 'value': 'OFF'}, {'code': 'bright_value_v2', 'value': 1000}, {'code': 'temp_value_v2', 'value': 500}]}",atuador,['Mayki'],Mayki,USAR_BANHEIRO,2024-12-08 23:50:36.327296,QUARTO
QUARTO_SENSOR_PRESENCA-002,dispcb84ddaedb893afc1d478e18a6a44419,0s9d8f9s0d8f0s9df8s0f8,"{'status': [{'code': 'presence_state', 'value': 'OFF'}, {'code': 'human_motion_state', 'value': 'NONE'}]}",sensor,['Mayki'],Mayki,USAR_BANHEIRO,2024-12-08 23:50:36.876379,QUARTO
QUARTO_SENSOR_PRESENCA-002,dispcb84ddaedb893afc1d478e18a6a44419,0s9d8f9s0d8f0s9df8s0f8,"{'status': [{'code': 'presence_state', 'value': 'ON'}, {'code': 'human_motion_state', 'value': 'LARGER_MOVE'}]}",sensor,['Mayki'],Mayki,USAR_PC_NOITE_FIM_DOM,2024-12-08 23:55:36.668995,QUARTO
QUARTO_LAMPADA-001,dispf34127e9d687887832c76c7fed087a61,435a6fsdfsdfs879s9fs7,"{'status': [{'code': 'switch_led', 'value': 'ON'}, {'code': 'bright_value_v2', 'value': 1000}, {'code': 'temp_value_v2', 'value': 500}]}",atuador,['Mayki'],Mayki,USAR_PC_NOITE_FIM_DOM,2024-12-08 23:55:41.314625,QUARTO
QUARTO_LAMPADA-001,dispf34127e9d687887832c76c7fed087a61,435a6fsdfsdfs879s9fs7,"{'status': [{'code': 'switch_led', 'value': 'OFF'}, {'code': 'bright_value_v2', 'value': 1000}, {'code': 'temp_value_v2', 'value': 500}]}",atuador,['Mayki'],Mayki,IR_NA_VARANDA,2024-12-09 00:43:59.743426,QUARTO
QUARTO_SENSOR_PRESENCA-002,dispcb84ddaedb893afc1d478e18a6a44419,0s9d8f9s0d8f0s9df8s0f8,"{'status': [{'code': 'presence_state', 'value': 'OFF'}, {'code': 'human_motion_state', 'value': 'NONE'}]}",sensor,['Mayki'],Mayki,IR_NA_VARANDA,2024-12-09 00:43:59.399580,QUARTO
QUARTO_SENSOR_PRESENCA-002,dispcb84ddaedb893afc1d478e18a6a44419,0s9d8f9s0d8f0s9df8s0f8,"{'status': [{'code': 'presence_state', 'value': 'ON'}, {'code': 'human_motion_state', 'value': 'LARGER_MOVE'}]}",sensor,['Mayki'],Mayki,USAR_PC_MADRUGADA_INICIO_SEG_20M2,2024-12-09 00:53:59.549739,QUARTO
QUARTO_LAMPADA-001,dispf34127e9d687887832c76c7fed087a61,435a6fsdfsdfs879s9fs7,"{'status': [{'code': 'switch_led', 'value': 'ON'}, {'code': 'bright_value_v2', 'value': 1000}, {'code': 'temp_value_v2', 'value': 500}]}",atuador,['Mayki'],Mayki,USAR_PC_MADRUGADA_INICIO_SEG_20M2,2024-12-09 00:54:04.385374,QUARTO
QUARTO_LAMPADA-001,dispf34127e9d687887832c76c7fed087a61,435a6fsdfsdfs879s9fs7,"{'status': [{'code': 'switch_led', 'value': 'OFF'}, {'code': 'bright_value_v2', 'value': 1000}, {'code': 'temp_value_v2', 'value': 500}]}",atuador,['Mayki'],Mayki,USAR_PC_MADRUGADA_INICIO_SEG_20M2,2024-12-09 00:54:34.144761,QUARTO
QUARTO_PLUG_01-003,dispe3d457f8ccadfa505c7579f0d2a7f630,3s2d1f0sdf1sdf18s79sddf,"{'status': [{'code': 'switch_1', 'value': 'OFF'}]}",atuador,['Mayki'],Mayki,USAR_PC_MADRUGADA_INICIO_SEG_20M2,2024-12-09 00:55:02.153006,QUARTO
QUARTO_PLUG_02-004,disp4af167c9d4df8acd2894e2f77c7aec28,3s2d1f0sdf1sdf18s79sddf,"{'status': [{'code': 'switch_1', 'value': 'ON'}]}",atuador,['Mayki'],Mayki,DORMIR,2024-12-09 00:55:07.363439,QUARTO
QUARTO_PLUG_02-004,disp4af167c9d4df8acd2894e2f77c7aec28,3s2d1f0sdf1sdf18s79sddf,"{'status': [{'code': 'switch_1', 'value': 'OFF'}]}",atuador,['Mayki'],Mayki,DORMIR_30M,2024-12-09 07:59:55.500590,QUARTO
QUARTO_SENSOR_PRESENCA-002,dispcb84ddaedb893afc1d478e18a6a44419,0s9d8f9s0d8f0s9df8s0f8,"{'status': [{'code': 'presence_state', 'value': 'OFF'}, {'code': 'human_motion_state', 'value': 'NONE'}]}",sensor,['Mayki'],Mayki,DORMIR_30M,2024-12-09 07:59:55.376229,QUARTO
QUARTO_SENSOR_PRESENCA-002,dispcb84ddaedb893afc1d478e18a6a44419,0s9d8f9s0d8f0s9df8s0f8,"{'status': [{'code': 'presence_state', 'value': 'ON'}, {'code': 'human_motion_state', 'value': 'LARGER_MOVE'}]}",sensor,['Mayki'],Mayki,FAZER_NADA_DIA,2024-12-09 08:27:55.633033,QUARTO
QUARTO_PLUG_01-003,dispe3d457f8ccadfa505c7579f0d2a7f630,3s2d1f0sdf1sdf18s79sddf,"{'status': [{'code': 'switch_1', 'value': 'ON'}]}",atuador,['Mayki'],Mayki,USAR_PC_MANHA,2024-12-09 08:38:36.652165,QUARTO
QUARTO_SENSOR_PRESENCA-002,dispcb84ddaedb893afc1d478e18a6a44419,0s9d8f9s0d8f0s9df8s0f8,"{'status': [{'code': 'presence_state', 'value': 'OFF'}, {'code': 'human_motion_state', 'value': 'NONE'}]}",sensor,['Mayki'],Mayki,IR_NA_VARANDA,2024-12-09 09:08:36.033902,QUARTO
QUARTO_SENSOR_PRESENCA-002,dispcb84ddaedb893afc1d478e18a6a44419,0s9d8f9s0d8f0s9df8s0f8,"{'status': [{'code': 'presence_state', 'value': 'ON'}, {'code': 'human_motion_state', 'value': 'LARGER_MOVE'}]}",sensor,['Mayki'],Mayki,USAR_PC_MANHA,2024-12-09 09:18:36.158725,QUARTO
QUARTO_SENSOR_PRESENCA-002,dispcb84ddaedb893afc1d478e18a6a44419,0s9d8f9s0d8f0s9df8s0f8,"{'status': [{'code': 'presence_state', 'value': 'OFF'}, {'code': 'human_motion_state', 'value': 'NONE'}]}",sensor,['Mayki'],Mayki,IR_NA_VARANDA,2024-12-09 09:18:36.318818,QUARTO
QUARTO_SENSOR_PRESENCA-002,dispcb84ddaedb893afc1d478e18a6a44419,0s9d8f9s0d8f0s9df8s0f8,"{'status': [{'code': 'presence_state', 'value': 'ON'}, {'code': 'human_motion_state', 'value': 'LARGER_MOVE'}]}",sensor,['Mayki'],Mayki,USAR_PC_MANHA,2024-12-09 09:28:36.564260,QUARTO
QUARTO_PLUG_01-003,dispe3d457f8ccadfa505c7579f0d2a7f630,3s2d1f0sdf1sdf18s79sddf,"{'status': [{'code': 'switch_1', 'value': 'OFF'}]}",atuador,['Mayki'],Mayki,USAR_PC_MANHA,2024-12-09 09:39:45.014509,QUARTO
QUARTO_SENSOR_PRESENCA-002,dispcb84ddaedb893afc1d478e18a6a44419,0s9d8f9s0d8f0s9df8s0f8,"{'status': [{'code': 'presence_state', 'value': 'OFF'}, {'code': 'human_motion_state', 'value': 'NONE'}]}",sensor,['Mayki'],Mayki,FAZER_NADA_DIA,2024-12-09 09:51:10.580714,QUARTO
QUARTO_SENSOR_PRESENCA-002,dispcb84ddaedb893afc1d478e18a6a44419,0s9d8f9s0d8f0s9df8s0f8,"{'status': [{'code': 'presence_state', 'value': 'ON'}, {'code': 'human_motion_state', 'value': 'LARGER_MOVE'}]}",sensor,['Mayki'],Mayki,USAR_PC_NOITE,2024-12-09 18:16:18.981056,QUARTO
QUARTO_LAMPADA-001,dispf34127e9d687887832c76c7fed087a61,435a6fsdfsdfs879s9fs7,"{'status': [{'code': 'switch_led', 'value': 'ON'}, {'code': 'bright_value_v2', 'value': 1000}, {'code': 'temp_value_v2', 'value': 500}]}",atuador,['Mayki'],Mayki,USAR_PC_NOITE,2024-12-09 18:16:23.038967,QUARTO
QUARTO_PLUG_01-003,dispe3d457f8ccadfa505c7579f0d2a7f630,3s2d1f0sdf1sdf18s79sddf,"{'status': [{'code': 'switch_1', 'value': 'ON'}]}",atuador,['Mayki'],Mayki,USAR_PC_NOITE,2024-12-09 18:16:28.121197,QUARTO
QUARTO_LAMPADA-001,dispf34127e9d687887832c76c7fed087a61,435a6fsdfsdfs879s9fs7,"{'status': [{'code': 'switch_led', 'value': 'OFF'}, {'code': 'bright_value_v2', 'value': 1000}, {'code': 'temp_value_v2', 'value': 500}]}",atuador,['Mayki'],Mayki,USAR_PC_NOITE_FIM_SEG,2024-12-10 00:00:11.519836,QUARTO
QUARTO_PLUG_01-003,dispe3d457f8ccadfa505c7579f0d2a7f630,3s2d1f0sdf1sdf18s79sddf,"{'status': [{'code': 'switch_1', 'value': 'OFF'}]}",atuador,['Mayki'],Mayki,USAR_PC_NOITE_FIM_SEG,2024-12-10 00:00:32.280591,QUARTO
QUARTO_PLUG_02-004,disp4af167c9d4df8acd2894e2f77c7aec28,3s2d1f0sdf1sdf18s79sddf,"{'status': [{'code': 'switch_1', 'value': 'ON'}]}",atuador,['Mayki'],Mayki,DORMIR,2024-12-10 00:00:37.480727,QUARTO
QUARTO_PLUG_02-004,disp4af167c9d4df8acd2894e2f77c7aec28,3s2d1f0sdf1sdf18s79sddf,"{'status': [{'code': 'switch_1', 'value': 'OFF'}]}",atuador,['Mayki'],Mayki,DORMIR_30M,2024-12-10 08:08:00.024793,QUARTO
QUARTO_SENSOR_PRESENCA-002,dispcb84ddaedb893afc1d478e18a6a44419,0s9d8f9s0d8f0s9df8s0f8,"{'status': [{'code': 'presence_state', 'value': 'OFF'}, {'code': 'human_motion_state', 'value': 'NONE'}]}",sensor,['Mayki'],Mayki,DORMIR_30M,2024-12-10 08:08:00.280669,QUARTO
QUARTO_SENSOR_PRESENCA-002,dispcb84ddaedb893afc1d478e18a6a44419,0s9d8f9s0d8f0s9df8s0f8,"{'status': [{'code': 'presence_state', 'value': 'ON'}, {'code': 'human_motion_state', 'value': 'LARGER_MOVE'}]}",sensor,['Mayki'],Mayki,FAZER_NADA_DIA,2024-12-10 08:41:00.047152,QUARTO
QUARTO_PLUG_01-003,dispe3d457f8ccadfa505c7579f0d2a7f630,3s2d1f0sdf1sdf18s79sddf,"{'status': [{'code': 'switch_1', 'value': 'ON'}]}",atuador,['Mayki'],Mayki,USAR_PC_MANHA_30M,2024-12-10 08:52:44.233028,QUARTO
QUARTO_SENSOR_PRESENCA-002,dispcb84ddaedb893afc1d478e18a6a44419,0s9d8f9s0d8f0s9df8s0f8,"{'status': [{'code': 'presence_state', 'value': 'OFF'}, {'code': 'human_motion_state', 'value': 'NONE'}]}",sensor,['Mayki'],Mayki,IR_NA_VARANDA,2024-12-10 09:02:44.338867,QUARTO
QUARTO_SENSOR_PRESENCA-002,dispcb84ddaedb893afc1d478e18a6a44419,0s9d8f9s0d8f0s9df8s0f8,"{'status': [{'code': 'presence_state', 'value': 'ON'}, {'code': 'human_motion_state', 'value': 'LARGER_MOVE'}]}",sensor,['Mayki'],Mayki,USAR_PC_MANHA_30M,2024-12-10 09:12:44.365614,QUARTO
QUARTO_PLUG_01-003,dispe3d457f8ccadfa505c7579f0d2a7f630,3s2d1f0sdf1sdf18s79sddf,"{'status': [{'code': 'switch_1', 'value': 'OFF'}]}",atuador,['Mayki'],Mayki,USAR_PC_MANHA_30M,2024-12-10 09:23:36.875403,QUARTO
QUARTO_SENSOR_PRESENCA-002,dispcb84ddaedb893afc1d478e18a6a44419,0s9d8f9s0d8f0s9df8s0f8,"{'status': [{'code': 'presence_state', 'value': 'OFF'}, {'code': 'human_motion_state', 'value': 'NONE'}]}",sensor,['Mayki'],Mayki,USAR_PC_MANHA_30M,2024-12-10 09:23:36.824700,QUARTO
QUARTO_SENSOR_PRESENCA-002,dispcb84ddaedb893afc1d478e18a6a44419,0s9d8f9s0d8f0s9df8s0f8,"{'status': [{'code': 'presence_state', 'value': 'ON'}, {'code': 'human_motion_state', 'value': 'LARGER_MOVE'}]}",sensor,['Mayki'],Mayki,FAZER_NADA_NOITE,2024-12-10 18:32:54.831341,QUARTO
QUARTO_LAMPADA-001,dispf34127e9d687887832c76c7fed087a61,435a6fsdfsdfs879s9fs7,"{'status': [{'code': 'switch_led', 'value': 'ON'}, {'code': 'bright_value_v2', 'value': 1000}, {'code': 'temp_value_v2', 'value': 500}]}",atuador,['Mayki'],Mayki,FAZER_NADA_NOITE,2024-12-10 18:32:59.067120,QUARTO
QUARTO_LAMPADA-001,dispf34127e9d687887832c76c7fed087a61,435a6fsdfsdfs879s9fs7,"{'status': [{'code': 'switch_led', 'value': 'OFF'}, {'code': 'bright_value_v2', 'value': 1000}, {'code': 'temp_value_v2', 'value': 500}]}",atuador,['Mayki'],Mayki,FAZER_NADA_NOITE,2024-12-10 19:07:35.092884,QUARTO
QUARTO_SENSOR_PRESENCA-002,dispcb84ddaedb893afc1d478e18a6a44419,0s9d8f9s0d8f0s9df8s0f8,"{'status': [{'code': 'presence_state', 'value': 'OFF'}, {'code': 'human_motion_state', 'value': 'NONE'}]}",sensor,['Mayki'],Mayki,FAZER_NADA_NOITE,2024-12-10 19:07:35.222727,QUARTO
QUARTO_SENSOR_PRESENCA-002,dispcb84ddaedb893afc1d478e18a6a44419,0s9d8f9s0d8f0s9df8s0f8,"{'status': [{'code': 'presence_state', 'value': 'ON'}, {'code': 'human_motion_state', 'value': 'LARGER_MOVE'}]}",sensor,['Mayki'],Mayki,USAR_PC_NOITE_TERCA,2024-12-10 19:18:49.306271,QUARTO
QUARTO_LAMPADA-001,dispf34127e9d687887832c76c7fed087a61,435a6fsdfsdfs879s9fs7,"{'status': [{'code': 'switch_led', 'value': 'ON'}, {'code': 'bright_value_v2', 'value': 1000}, {'code': 'temp_value_v2', 'value': 500}]}",atuador,['Mayki'],Mayki,USAR_PC_NOITE_TERCA,2024-12-10 19:18:54.152576,QUARTO
QUARTO_PLUG_01-003,dispe3d457f8ccadfa505c7579f0d2a7f630,3s2d1f0sdf1sdf18s79sddf,"{'status': [{'code': 'switch_1', 'value': 'ON'}]}",atuador,['Mayki'],Mayki,USAR_PC_NOITE_TERCA,2024-12-10 19:18:59.218050,QUARTO
QUARTO_LAMPADA-001,dispf34127e9d687887832c76c7fed087a61,435a6fsdfsdfs879s9fs7,"{'status': [{'code': 'switch_led', 'value': 'OFF'}, {'code': 'bright_value_v2', 'value': 1000}, {'code': 'temp_value_v2', 'value': 500}]}",atuador,['Mayki'],Mayki,USAR_BANHEIRO,2024-12-10 22:51:58.495677,QUARTO
QUARTO_SENSOR_PRESENCA-002,dispcb84ddaedb893afc1d478e18a6a44419,0s9d8f9s0d8f0s9df8s0f8,"{'status': [{'code': 'presence_state', 'value': 'OFF'}, {'code': 'human_motion_state', 'value': 'NONE'}]}",sensor,['Mayki'],Mayki,USAR_BANHEIRO,2024-12-10 22:51:58.325190,QUARTO
QUARTO_SENSOR_PRESENCA-002,dispcb84ddaedb893afc1d478e18a6a44419,0s9d8f9s0d8f0s9df8s0f8,"{'status': [{'code': 'presence_state', 'value': 'ON'}, {'code': 'human_motion_state', 'value': 'LARGER_MOVE'}]}",sensor,['Mayki'],Mayki,USAR_PC_NOITE_FIM,2024-12-10 22:56:58.075951,QUARTO
QUARTO_LAMPADA-001,dispf34127e9d687887832c76c7fed087a61,435a6fsdfsdfs879s9fs7,"{'status': [{'code': 'switch_led', 'value': 'ON'}, {'code': 'bright_value_v2', 'value': 1000}, {'code': 'temp_value_v2', 'value': 500}]}",atuador,['Mayki'],Mayki,USAR_PC_NOITE_FIM,2024-12-10 22:57:03.168322,QUARTO
QUARTO_LAMPADA-001,dispf34127e9d687887832c76c7fed087a61,435a6fsdfsdfs879s9fs7,"{'status': [{'code': 'switch_led', 'value': 'OFF'}, {'code': 'bright_value_v2', 'value': 1000}, {'code': 'temp_value_v2', 'value': 500}]}",atuador,['Mayki'],Mayki,USAR_BANHEIRO,2024-12-10 22:57:33.629240,QUARTO
QUARTO_SENSOR_PRESENCA-002,dispcb84ddaedb893afc1d478e18a6a44419,0s9d8f9s0d8f0s9df8s0f8,"{'status': [{'code': 'presence_state', 'value': 'OFF'}, {'code': 'human_motion_state', 'value': 'NONE'}]}",sensor,['Mayki'],Mayki,USAR_BANHEIRO,2024-12-10 22:57:33.691137,QUARTO
QUARTO_SENSOR_PRESENCA-002,dispcb84ddaedb893afc1d478e18a6a44419,0s9d8f9s0d8f0s9df8s0f8,"{'status': [{'code': 'presence_state', 'value': 'ON'}, {'code': 'human_motion_state', 'value': 'LARGER_MOVE'}]}",sensor,['Mayki'],Mayki,USAR_PC_NOITE_FIM,2024-12-10 23:02:33.470318,QUARTO
QUARTO_LAMPADA-001,dispf34127e9d687887832c76c7fed087a61,435a6fsdfsdfs879s9fs7,"{'status': [{'code': 'switch_led', 'value': 'ON'}, {'code': 'bright_value_v2', 'value': 1000}, {'code': 'temp_value_v2', 'value': 500}]}",atuador,['Mayki'],Mayki,USAR_PC_NOITE_FIM,2024-12-10 23:02:38.370941,QUARTO
QUARTO_LAMPADA-001,dispf34127e9d687887832c76c7fed087a61,435a6fsdfsdfs879s9fs7,"{'status': [{'code': 'switch_led', 'value': 'OFF'}, {'code': 'bright_value_v2', 'value': 1000}, {'code': 'temp_value_v2', 'value': 500}]}",atuador,['Mayki'],Mayki,USAR_BANHEIRO,2024-12-10 23:13:08.757699,QUARTO
QUARTO_SENSOR_PRESENCA-002,dispcb84ddaedb893afc1d478e18a6a44419,0s9d8f9s0d8f0s9df8s0f8,"{'status': [{'code': 'presence_state', 'value': 'OFF'}, {'code': 'human_motion_state', 'value': 'NONE'}]}",sensor,['Mayki'],Mayki,USAR_BANHEIRO,2024-12-10 23:13:08.702520,QUARTO
QUARTO_SENSOR_PRESENCA-002,dispcb84ddaedb893afc1d478e18a6a44419,0s9d8f9s0d8f0s9df8s0f8,"{'status': [{'code': 'presence_state', 'value': 'ON'}, {'code': 'human_motion_state', 'value': 'LARGER_MOVE'}]}",sensor,['Mayki'],Mayki,USAR_PC_NOITE_FIM,2024-12-10 23:18:08.386976,QUARTO
QUARTO_LAMPADA-001,dispf34127e9d687887832c76c7fed087a61,435a6fsdfsdfs879s9fs7,"{'status': [{'code': 'switch_led', 'value': 'ON'}, {'code': 'bright_value_v2', 'value': 1000}, {'code': 'temp_value_v2', 'value': 500}]}",atuador,['Mayki'],Mayki,USAR_PC_NOITE_FIM,2024-12-10 23:18:13.180550,QUARTO
